iso_code,continent,location,date,total_cases,new_cases,new_cases_smoothed,total_deaths,new_deaths,new_deaths_smoothed,total_deaths_per_million,people_vaccinated_per_hundred,people_fully_vaccinated_per_hundred,stringency_index,gdp_per_capita,human_development_index,population
BRA,South America,Brazil,2020-01-05,0.0,0.0,,0.0,0.0,,0.0,,,0.0,14103.45,0.76,215313504
BRA,South America,Brazil,2020-01-06,0.0,0.0,,0.0,0.0,,0.0,,,0.0,14103.45,0.76,215313504
BRA,South America,Brazil,2020-01-07,0.0,0.0,,0.0,0.0,,0.0,,,0.0,14103.45,0.76,215313504
BRA,South America,Brazil,2020-01-08,0.0,0.0,,0.0,0.0,,0.0,,,0.0,14103.45,0.76,215313504
BRA,South America,Brazil,2020-01-09,0.0,0.0,,0.0,0.0,,0.0,,,0.0,14103.45,0.76,215313504
BRA,South America,Brazil,2020-01-10,0.0,0.0,0.0,0.0,0.0,0.0,0.0,,,0.0,14103.45,0.76,215313504
BRA,South America,Brazil,2020-01-11,0.0,0.0,0.0,0.0,0.0,0.0,0.0,,,0.0,14103.45,0.76,215313504
BRA,South America,Brazil,2020-01-12,0.0,0.0,0.0,0.0,0.0,0.0,0.0,,,0.0,14103.45,0.76,215313504
BRA,South America,Brazil,2020-01-13,0.0,0.0,0.0,0.0,0.0,0.0,0.0,,,0.0,14103.45,0.76,215313504
BRA,South America,Brazil,2020-01-14,0.0,0.0,0.0,0.0,0.0,0.0,0.0,,,0.0,14103.45,0.76,215313504
BRA,South America,Brazil,2020-01-15,0.0,0.0,0.0,0.0,0.0,0.0,0.0,,,0.0,14103.45,0.76,215313504
BRA,South America,Brazil,2020-01-16,0.0,0.0,0.0,0.0,0.0,0.0,0.0,,,0.0,14103.45,0.76,215313504
BRA,South America,Brazil,2020-01-17,0.0,0.0,0.0,0.0,0.0,0.0,0.0,,,0.0,14103.45,0.76,215313504
BRA,South America,Brazil,2020-01-18,0.0,0.0,0.0,0.0,0.0,0.0,0.0,,,0.0,14103.45,0.76,215313504
BRA,South America,Brazil,2020-01-19,0.0,0.0,0.0,0.0,0.0,0.0,0.0,,,0.0,14103.45,0.76,215313504
BRA,South America,Brazil,2020-01-20,0.0,0.0,0.0,0.0,0.0,0.0,0.0,,,0.0,14103.45,0.76,215313504
BRA,South America,Brazil,2020-01-21,0.0,0.0,0.0,0.0,0.0,0.0,0.0,,,0.0,14103.45,0.76,215313504
BRA,South America,Brazil,2020-01-22,0.0,0.0,0.0,0.0,0.0,0.0,0.0,,,0.0,14103.45,0.76,215313504
BRA,South America,Brazil,2020-01-23,0.0,0.0,0.0,0.0,0.0,0.0,0.0,,,0.0,14103.45,0.76,215313504
BRA,South America,Brazil,2020-01-24,0.0,0.0,0.0,0.0,0.0,0.0,0.0,,,0.0,14103.45,0.76,215313504
BRA,South America,Brazil,2020-01-25,0.0,0.0,0.0,0.0,0.0,0.0,0.0,,,0.0,14103.45,0.76,215313504
BRA,South America,Brazil,2020-01-26,0.0,0.0,0.0,0.0,0.0,0.0,0.0,,,0.0,14103.45,0.76,215313504
BRA,South America,Brazil,2020-01-27,0.0,0.0,0.0,0.0,0.0,0.0,0.0,,,0.0,14103.45,0.76,215313504
BRA,South America,Brazil,2020-01-28,0.0,0.0,0.0,0.0,0.0,0.0,0.0,,,0.0,14103.45,0.76,215313504
BRA,South America,Brazil,2020-01-29,0.0,0.0,0.0,0.0,0.0,0.0,0.0,,,5.56,14103.45,0.76,215313504
BRA,South America,Brazil,2020-01-30,0.0,0.0,0.0,0.0,0.0,0.0,0.0,,,5.56,14103.45,0.76,215313504
BRA,South America,Brazil,2020-01-31,0.0,0.0,0.0,0.0,0.0,0.0,0.0,,,5.56,14103.45,0.76,215313504
BRA,South America,Brazil,2020-02-01,0.0,0.0,0.0,0.0,0.0,0.0,0.0,,,5.56,14103.45,0.76,215313504
BRA,South America,Brazil,2020-02-02,0.0,0.0,0.0,0.0,0.0,0.0,0.0,,,5.56,14103.45,0.76,215313504
BRA,South America,Brazil,2020-02-03,0.0,0.0,0.0,0.0,0.0,0.0,0.0,,,5.56,14103.45,0.76,215313504
BRA,South America,Brazil,2020-02-04,0.0,0.0,0.0,0.0,0.0,0.0,0.0,,,5.56,14103.45,0.76,215313504
BRA,South America,Brazil,2020-02-05,0.0,0.0,0.0,0.0,0.0,0.0,0.0,,,5.56,14103.45,0.76,215313504
BRA,South America,Brazil,2020-02-06,0.0,0.0,0.0,0.0,0.0,0.0,0.0,,,5.56,14103.45,0.76,215313504
BRA,South America,Brazil,2020-02-07,0.0,0.0,0.0,0.0,0.0,0.0,0.0,,,5.56,14103.45,0.76,215313504
BRA,South America,Brazil,2020-02-08,0.0,0.0,0.0,0.0,0.0,0.0,0.0,,,5.56,14103.45,0.76,215313504
BRA,South America,Brazil,2020-02-09,0.0,0.0,0.0,0.0,0.0,0.0,0.0,,,5.56,14103.45,0.76,215313504
BRA,South America,Brazil,2020-02-10,0.0,0.0,0.0,0.0,0.0,0.0,0.0,,,5.56,14103.45,0.76,215313504
BRA,South America,Brazil,2020-02-11,0.0,0.0,0.0,0.0,0.0,0.0,0.0,,,5.56,14103.45,0.76,215313504
BRA,South America,Brazil,2020-02-12,0.0,0.0,0.0,0.0,0.0,0.0,0.0,,,5.56,14103.45,0.76,215313504
BRA,South America,Brazil,2020-02-13,0.0,0.0,0.0,0.0,0.0,0.0,0.0,,,5.56,14103.45,0.76,215313504
BRA,South America,Brazil,2020-02-14,0.0,0.0,0.0,0.0,0.0,0.0,0.0,,,5.56,14103.45,0.76,215313504
BRA,South America,Brazil,2020-02-15,0.0,0.0,0.0,0.0,0.0,0.0,0.0,,,5.56,14103.45,0.76,215313504
BRA,South America,Brazil,2020-02-16,0.0,0.0,0.0,0.0,0.0,0.0,0.0,,,5.56,14103.45,0.76,215313504
BRA,South America,Brazil,2020-02-17,0.0,0.0,0.0,0.0,0.0,0.0,0.0,,,5.56,14103.45,0.76,215313504
BRA,South America,Brazil,2020-02-18,0.0,0.0,0.0,0.0,0.0,0.0,0.0,,,5.56,14103.45,0.76,215313504
BRA,South America,Brazil,2020-02-19,0.0,0.0,0.0,0.0,0.0,0.0,0.0,,,5.56,14103.45,0.76,215313504
BRA,South America,Brazil,2020-02-20,0.0,0.0,0.0,0.0,0.0,0.0,0.0,,,5.56,14103.45,0.76,215313504
BRA,South America,Brazil,2020-02-21,0.0,0.0,0.0,0.0,0.0,0.0,0.0,,,5.56,14103.45,0.76,215313504
BRA,South America,Brazil,2020-02-22,0.0,0.0,0.0,0.0,0.0,0.0,0.0,,,5.56,14103.45,0.76,215313504
BRA,South America,Brazil,2020-02-23,0.0,0.0,0.0,0.0,0.0,0.0,0.0,,,5.56,14103.45,0.76,215313504
BRA,South America,Brazil,2020-02-24,0.0,0.0,0.0,0.0,0.0,0.0,0.0,,,5.56,14103.45,0.76,215313504
BRA,South America,Brazil,2020-02-25,0.0,0.0,0.0,0.0,0.0,0.0,0.0,,,5.56,14103.45,0.76,215313504
BRA,South America,Brazil,2020-02-26,0.0,0.0,0.0,0.0,0.0,0.0,0.0,,,5.56,14103.45,0.76,215313504
BRA,South America,Brazil,2020-02-27,0.0,0.0,0.0,0.0,0.0,0.0,0.0,,,5.56,14103.45,0.76,215313504
BRA,South America,Brazil,2020-02-28,0.0,0.0,0.0,0.0,0.0,0.0,0.0,,,5.56,14103.45,0.76,215313504
BRA,South America,Brazil,2020-02-29,0.0,0.0,0.0,0.0,0.0,0.0,0.0,,,5.56,14103.45,0.76,215313504
BRA,South America,Brazil,2020-03-01,1.0,1.0,0.14,0.0,0.0,0.0,0.0,,,5.56,14103.45,0.76,215313504
BRA,South America,Brazil,2020-03-02,1.0,0.0,0.14,0.0,0.0,0.0,0.0,,,11.11,14103.45,0.76,215313504
BRA,South America,Brazil,2020-03-03,1.0,0.0,0.14,0.0,0.0,0.0,0.0,,,11.11,14103.45,0.76,215313504
BRA,South America,Brazil,2020-03-04,1.0,0.0,0.14,0.0,0.0,0.0,0.0,,,11.11,14103.45,0.76,215313504
BRA,South America,Brazil,2020-03-05,1.0,0.0,0.14,0.0,0.0,0.0,0.0,,,11.11,14103.45,0.76,215313504
BRA,South America,Brazil,2020-03-06,1.0,0.0,0.14,0.0,0.0,0.0,0.0,,,11.11,14103.45,0.76,215313504
BRA,South America,Brazil,2020-03-07,1.0,0.0,0.14,0.0,0.0,0.0,0.0,,,11.11,14103.45,0.76,215313504
BRA,South America,Brazil,2020-03-08,13.0,12.0,1.71,0.0,0.0,0.0,0.0,,,11.11,14103.45,0.76,215313504
BRA,South America,Brazil,2020-03-09,13.0,0.0,1.71,0.0,0.0,0.0,0.0,,,11.11,14103.45,0.76,215313504
BRA,South America,Brazil,2020-03-10,13.0,0.0,1.71,0.0,0.0,0.0,0.0,,,11.11,14103.45,0.76,215313504
BRA,South America,Brazil,2020-03-11,13.0,0.0,1.71,0.0,0.0,0.0,0.0,,,11.11,14103.45,0.76,215313504
BRA,South America,Brazil,2020-03-12,13.0,0.0,1.71,0.0,0.0,0.0,0.0,,,28.7,14103.45,0.76,215313504
BRA,South America,Brazil,2020-03-13,13.0,0.0,1.71,0.0,0.0,0.0,0.0,,,37.96,14103.45,0.76,215313504
BRA,South America,Brazil,2020-03-14,13.0,0.0,1.71,0.0,0.0,0.0,0.0,,,42.13,14103.45,0.76,215313504
BRA,South America,Brazil,2020-03-15,84.0,71.0,10.14,0.0,0.0,0.0,0.0,,,42.13,14103.45,0.76,215313504
BRA,South America,Brazil,2020-03-16,84.0,0.0,10.14,0.0,0.0,0.0,0.0,,,42.13,14103.45,0.76,215313504
BRA,South America,Brazil,2020-03-17,84.0,0.0,10.14,0.0,0.0,0.0,0.0,,,57.87,14103.45,0.76,215313504
BRA,South America,Brazil,2020-03-18,84.0,0.0,10.14,0.0,0.0,0.0,0.0,,,60.65,14103.45,0.76,215313504
BRA,South America,Brazil,2020-03-19,84.0,0.0,10.14,0.0,0.0,0.0,0.0,,,66.2,14103.45,0.76,215313504
BRA,South America,Brazil,2020-03-20,84.0,0.0,10.14,0.0,0.0,0.0,0.0,,,66.2,14103.45,0.76,215313504
BRA,South America,Brazil,2020-03-21,84.0,0.0,10.14,0.0,0.0,0.0,0.0,,,71.76,14103.45,0.76,215313504
BRA,South America,Brazil,2020-03-22,904.0,820.0,117.14,11.0,11.0,1.57,0.05,,,71.76,14103.45,0.76,215313504
BRA,South America,Brazil,2020-03-23,904.0,0.0,117.14,11.0,0.0,1.57,0.05,,,71.76,14103.45,0.76,215313504
BRA,South America,Brazil,2020-03-24,904.0,0.0,117.14,11.0,0.0,1.57,0.05,,,71.76,14103.45,0.76,215313504
BRA,South America,Brazil,2020-03-25,904.0,0.0,117.14,11.0,0.0,1.57,0.05,,,71.76,14103.45,0.76,215313504
BRA,South America,Brazil,2020-03-26,904.0,0.0,117.14,11.0,0.0,1.57,0.05,,,71.76,14103.45,0.76,215313504
BRA,South America,Brazil,2020-03-27,904.0,0.0,117.14,11.0,0.0,1.57,0.05,,,74.54,14103.45,0.76,215313504
BRA,South America,Brazil,2020-03-28,904.0,0.0,117.14,11.0,0.0,1.57,0.05,,,74.54,14103.45,0.76,215313504
BRA,South America,Brazil,2020-03-29,3417.0,2513.0,359.0,92.0,81.0,11.57,0.44,,,74.54,14103.45,0.76,215313504
BRA,South America,Brazil,2020-03-30,3417.0,0.0,359.0,92.0,0.0,11.57,0.44,,,74.54,14103.45,0.76,215313504
BRA,South America,Brazil,2020-03-31,3417.0,0.0,359.0,92.0,0.0,11.57,0.44,,,74.54,14103.45,0.76,215313504
BRA,South America,Brazil,2020-04-01,3417.0,0.0,359.0,92.0,0.0,11.57,0.44,,,74.54,14103.45,0.76,215313504
BRA,South America,Brazil,2020-04-02,3417.0,0.0,359.0,92.0,0.0,11.57,0.44,,,74.54,14103.45,0.76,215313504
BRA,South America,Brazil,2020-04-03,3417.0,0.0,359.0,92.0,0.0,11.57,0.44,,,74.54,14103.45,0.76,215313504
BRA,South America,Brazil,2020-04-04,3417.0,0.0,359.0,92.0,0.0,11.57,0.44,,,74.54,14103.45,0.76,215313504
BRA,South America,Brazil,2020-04-05,9056.0,5639.0,805.57,359.0,267.0,38.14,1.71,,,74.54,14103.45,0.76,215313504
BRA,South America,Brazil,2020-04-06,9056.0,0.0,805.57,359.0,0.0,38.14,1.71,,,74.54,14103.45,0.76,215313504
BRA,South America,Brazil,2020-04-07,9056.0,0.0,805.57,359.0,0.0,38.14,1.71,,,74.54,14103.45,0.76,215313504
BRA,South America,Brazil,2020-04-08,9056.0,0.0,805.57,359.0,0.0,38.14,1.71,,,74.54,14103.45,0.76,215313504
BRA,South America,Brazil,2020-04-09,9056.0,0.0,805.57,359.0,0.0,38.14,1.71,,,74.54,14103.45,0.76,215313504
BRA,South America,Brazil,2020-04-10,9056.0,0.0,805.57,359.0,0.0,38.14,1.71,,,74.54,14103.45,0.76,215313504
BRA,South America,Brazil,2020-04-11,9056.0,0.0,805.57,359.0,0.0,38.14,1.71,,,74.54,14103.45,0.76,215313504
BRA,South America,Brazil,2020-04-12,19638.0,10582.0,1511.71,1056.0,697.0,99.57,5.02,,,74.54,14103.45,0.76,215313504
BRA,South America,Brazil,2020-04-13,19638.0,0.0,1511.71,1056.0,0.0,99.57,5.02,,,74.54,14103.45,0.76,215313504
BRA,South America,Brazil,2020-04-14,19638.0,0.0,1511.71,1056.0,0.0,99.57,5.02,,,74.54,14103.45,0.76,215313504
BRA,South America,Brazil,2020-04-15,19638.0,0.0,1511.71,1056.0,0.0,99.57,5.02,,,74.54,14103.45,0.76,215313504
BRA,South America,Brazil,2020-04-16,19638.0,0.0,1511.71,1056.0,0.0,99.57,5.02,,,74.54,14103.45,0.76,215313504
BRA,South America,Brazil,2020-04-17,19638.0,0.0,1511.71,1056.0,0.0,99.57,5.02,,,74.54,14103.45,0.76,215313504
BRA,South America,Brazil,2020-04-18,19638.0,0.0,1511.71,1056.0,0.0,99.57,5.02,,,74.54,14103.45,0.76,215313504
BRA,South America,Brazil,2020-04-19,33682.0,14044.0,2006.29,2141.0,1085.0,155.0,10.18,,,74.54,14103.45,0.76,215313504
BRA,South America,Brazil,2020-04-20,33682.0,0.0,2006.29,2141.0,0.0,155.0,10.18,,,74.54,14103.45,0.76,215313504
BRA,South America,Brazil,2020-04-21,33682.0,0.0,2006.29,2141.0,0.0,155.0,10.18,,,74.54,14103.45,0.76,215313504
BRA,South America,Brazil,2020-04-22,33682.0,0.0,2006.29,2141.0,0.0,155.0,10.18,,,74.54,14103.45,0.76,215313504
BRA,South America,Brazil,2020-04-23,33682.0,0.0,2006.29,2141.0,0.0,155.0,10.18,,,74.54,14103.45,0.76,215313504
BRA,South America,Brazil,2020-04-24,33682.0,0.0,2006.29,2141.0,0.0,155.0,10.18,,,74.54,14103.45,0.76,215313504
BRA,South America,Brazil,2020-04-25,33682.0,0.0,2006.29,2141.0,0.0,155.0,10.18,,,74.54,14103.45,0.76,215313504
BRA,South America,Brazil,2020-04-26,52995.0,19313.0,2759.0,3670.0,1529.0,218.43,17.45,,,77.31,14103.45,0.76,215313504
BRA,South America,Brazil,2020-04-27,52995.0,0.0,2759.0,3670.0,0.0,218.43,17.45,,,77.31,14103.45,0.76,215313504
BRA,South America,Brazil,2020-04-28,52995.0,0.0,2759.0,3670.0,0.0,218.43,17.45,,,77.31,14103.45,0.76,215313504
BRA,South America,Brazil,2020-04-29,52995.0,0.0,2759.0,3670.0,0.0,218.43,17.45,,,77.31,14103.45,0.76,215313504
BRA,South America,Brazil,2020-04-30,52995.0,0.0,2759.0,3670.0,0.0,218.43,17.45,,,77.31,14103.45,0.76,215313504
BRA,South America,Brazil,2020-05-01,52995.0,0.0,2759.0,3670.0,0.0,218.43,17.45,,,77.31,14103.45,0.76,215313504
BRA,South America,Brazil,2020-05-02,52995.0,0.0,2759.0,3670.0,0.0,218.43,17.45,,,77.31,14103.45,0.76,215313504
BRA,South America,Brazil,2020-05-03,91589.0,38594.0,5513.43,6329.0,2659.0,379.86,30.09,,,77.31,14103.45,0.76,215313504
BRA,South America,Brazil,2020-05-04,91589.0,0.0,5513.43,6329.0,0.0,379.86,30.09,,,77.31,14103.45,0.76,215313504
BRA,South America,Brazil,2020-05-05,91589.0,0.0,5513.43,6329.0,0.0,379.86,30.09,,,81.02,14103.45,0.76,215313504
BRA,South America,Brazil,2020-05-06,91589.0,0.0,5513.43,6329.0,0.0,379.86,30.09,,,81.02,14103.45,0.76,215313504
BRA,South America,Brazil,2020-05-07,91589.0,0.0,5513.43,6329.0,0.0,379.86,30.09,,,81.02,14103.45,0.76,215313504
BRA,South America,Brazil,2020-05-08,91589.0,0.0,5513.43,6329.0,0.0,379.86,30.09,,,81.02,14103.45,0.76,215313504
BRA,South America,Brazil,2020-05-09,91589.0,0.0,5513.43,6329.0,0.0,379.86,30.09,,,81.02,14103.45,0.76,215313504
BRA,South America,Brazil,2020-05-10,145328.0,53739.0,7677.0,9897.0,3568.0,509.71,47.06,,,81.02,14103.45,0.76,215313504
BRA,South America,Brazil,2020-05-11,145328.0,0.0,7677.0,9897.0,0.0,509.71,47.06,,,81.02,14103.45,0.76,215313504
BRA,South America,Brazil,2020-05-12,145328.0,0.0,7677.0,9897.0,0.0,509.71,47.06,,,81.02,14103.45,0.76,215313504
BRA,South America,Brazil,2020-05-13,145328.0,0.0,7677.0,9897.0,0.0,509.71,47.06,,,81.02,14103.45,0.76,215313504
BRA,South America,Brazil,2020-05-14,145328.0,0.0,7677.0,9897.0,0.0,509.71,47.06,,,81.02,14103.45,0.76,215313504
BRA,South America,Brazil,2020-05-15,145328.0,0.0,7677.0,9897.0,0.0,509.71,47.06,,,81.02,14103.45,0.76,215313504
BRA,South America,Brazil,2020-05-16,145328.0,0.0,7677.0,9897.0,0.0,509.71,47.06,,,81.02,14103.45,0.76,215313504
BRA,South America,Brazil,2020-05-17,218223.0,72895.0,10413.57,14817.0,4920.0,702.86,70.45,,,81.02,14103.45,0.76,215313504
BRA,South America,Brazil,2020-05-18,218223.0,0.0,10413.57,14817.0,0.0,702.86,70.45,,,81.02,14103.45,0.76,215313504
BRA,South America,Brazil,2020-05-19,218223.0,0.0,10413.57,14817.0,0.0,702.86,70.45,,,81.02,14103.45,0.76,215313504
BRA,South America,Brazil,2020-05-20,218223.0,0.0,10413.57,14817.0,0.0,702.86,70.45,,,81.02,14103.45,0.76,215313504
BRA,South America,Brazil,2020-05-21,218223.0,0.0,10413.57,14817.0,0.0,702.86,70.45,,,81.02,14103.45,0.76,215313504
BRA,South America,Brazil,2020-05-22,218223.0,0.0,10413.57,14817.0,0.0,702.86,70.45,,,81.02,14103.45,0.76,215313504
BRA,South America,Brazil,2020-05-23,218223.0,0.0,10413.57,14817.0,0.0,702.86,70.45,,,81.02,14103.45,0.76,215313504
BRA,South America,Brazil,2020-05-24,330890.0,112667.0,16095.29,21048.0,6231.0,890.14,100.08,,,81.02,14103.45,0.76,215313504
BRA,South America,Brazil,2020-05-25,330890.0,0.0,16095.29,21048.0,0.0,890.14,100.08,,,81.02,14103.45,0.76,215313504
BRA,South America,Brazil,2020-05-26,330890.0,0.0,16095.29,21048.0,0.0,890.14,100.08,,,81.02,14103.45,0.76,215313504
BRA,South America,Brazil,2020-05-27,330890.0,0.0,16095.29,21048.0,0.0,890.14,100.08,,,81.02,14103.45,0.76,215313504
BRA,South America,Brazil,2020-05-28,330890.0,0.0,16095.29,21048.0,0.0,890.14,100.08,,,81.02,14103.45,0.76,215313504
BRA,South America,Brazil,2020-05-29,330890.0,0.0,16095.29,21048.0,0.0,890.14,100.08,,,81.02,14103.45,0.76,215313504
BRA,South America,Brazil,2020-05-30,330890.0,0.0,16095.29,21048.0,0.0,890.14,100.08,,,81.02,14103.45,0.76,215313504
BRA,South America,Brazil,2020-05-31,465166.0,134276.0,19182.29,27878.0,6830.0,975.71,132.56,,,81.02,14103.45,0.76,215313504
BRA,South America,Brazil,2020-06-01,465166.0,0.0,19182.29,27878.0,0.0,975.71,132.56,,,77.31,14103.45,0.76,215313504
BRA,South America,Brazil,2020-06-02,465166.0,0.0,19182.29,27878.0,0.0,975.71,132.56,,,77.31,14103.45,0.76,215313504
BRA,South America,Brazil,2020-06-03,465166.0,0.0,19182.29,27878.0,0.0,975.71,132.56,,,77.31,14103.45,0.76,215313504
BRA,South America,Brazil,2020-06-04,465166.0,0.0,19182.29,27878.0,0.0,975.71,132.56,,,77.31,14103.45,0.76,215313504
BRA,South America,Brazil,2020-06-05,465166.0,0.0,19182.29,27878.0,0.0,975.71,132.56,,,77.31,14103.45,0.76,215313504
BRA,South America,Brazil,2020-06-06,465166.0,0.0,19182.29,27878.0,0.0,975.71,132.56,,,77.31,14103.45,0.76,215313504
BRA,South America,Brazil,2020-06-07,645771.0,180605.0,25800.71,35026.0,7148.0,1021.14,166.55,,,77.31,14103.45,0.76,215313504
BRA,South America,Brazil,2020-06-08,645771.0,0.0,25800.71,35026.0,0.0,1021.14,166.55,,,77.31,14103.45,0.76,215313504
BRA,South America,Brazil,2020-06-09,645771.0,0.0,25800.71,35026.0,0.0,1021.14,166.55,,,77.31,14103.45,0.76,215313504
BRA,South America,Brazil,2020-06-10,645771.0,0.0,25800.71,35026.0,0.0,1021.14,166.55,,,77.31,14103.45,0.76,215313504
BRA,South America,Brazil,2020-06-11,645771.0,0.0,25800.71,35026.0,0.0,1021.14,166.55,,,77.31,14103.45,0.76,215313504
BRA,South America,Brazil,2020-06-12,645771.0,0.0,25800.71,35026.0,0.0,1021.14,166.55,,,77.31,14103.45,0.76,215313504
BRA,South America,Brazil,2020-06-13,645771.0,0.0,25800.71,35026.0,0.0,1021.14,166.55,,,77.31,14103.45,0.76,215313504
BRA,South America,Brazil,2020-06-14,828810.0,183039.0,26148.43,41828.0,6802.0,971.71,198.89,,,77.31,14103.45,0.76,215313504
BRA,South America,Brazil,2020-06-15,828810.0,0.0,26148.43,41828.0,0.0,971.71,198.89,,,77.31,14103.45,0.76,215313504
BRA,South America,Brazil,2020-06-16,828810.0,0.0,26148.43,41828.0,0.0,971.71,198.89,,,77.31,14103.45,0.76,215313504
BRA,South America,Brazil,2020-06-17,828810.0,0.0,26148.43,41828.0,0.0,971.71,198.89,,,77.31,14103.45,0.76,215313504
BRA,South America,Brazil,2020-06-18,828810.0,0.0,26148.43,41828.0,0.0,971.71,198.89,,,77.31,14103.45,0.76,215313504
BRA,South America,Brazil,2020-06-19,828810.0,0.0,26148.43,41828.0,0.0,971.71,198.89,,,77.31,14103.45,0.76,215313504
BRA,South America,Brazil,2020-06-20,828810.0,0.0,26148.43,41828.0,0.0,971.71,198.89,,,77.31,14103.45,0.76,215313504
BRA,South America,Brazil,2020-06-21,1032913.0,204103.0,29157.57,48954.0,7126.0,1018.0,232.78,,,77.31,14103.45,0.76,215313504
BRA,South America,Brazil,2020-06-22,1032913.0,0.0,29157.57,48954.0,0.0,1018.0,232.78,,,77.31,14103.45,0.76,215313504
BRA,South America,Brazil,2020-06-23,1032913.0,0.0,29157.57,48954.0,0.0,1018.0,232.78,,,77.31,14103.45,0.76,215313504
BRA,South America,Brazil,2020-06-24,1032913.0,0.0,29157.57,48954.0,0.0,1018.0,232.78,,,77.31,14103.45,0.76,215313504
BRA,South America,Brazil,2020-06-25,1032913.0,0.0,29157.57,48954.0,0.0,1018.0,232.78,,,77.31,14103.45,0.76,215313504
BRA,South America,Brazil,2020-06-26,1032913.0,0.0,29157.57,48954.0,0.0,1018.0,232.78,,,77.31,14103.45,0.76,215313504
BRA,South America,Brazil,2020-06-27,1032913.0,0.0,29157.57,48954.0,0.0,1018.0,232.78,,,77.31,14103.45,0.76,215313504
BRA,South America,Brazil,2020-06-28,1274974.0,242061.0,34580.14,55961.0,7007.0,1001.0,266.09,,,77.31,14103.45,0.76,215313504
BRA,South America,Brazil,2020-06-29,1274974.0,0.0,34580.14,55961.0,0.0,1001.0,266.09,,,77.31,14103.45,0.76,215313504
BRA,South America,Brazil,2020-06-30,1274974.0,0.0,34580.14,55961.0,0.0,1001.0,266.09,,,77.31,14103.45,0.76,215313504
BRA,South America,Brazil,2020-07-01,1274974.0,0.0,34580.14,55961.0,0.0,1001.0,266.09,,,77.31,14103.45,0.76,215313504
BRA,South America,Brazil,2020-07-02,1274974.0,0.0,34580.14,55961.0,0.0,1001.0,266.09,,,77.31,14103.45,0.76,215313504
BRA,South America,Brazil,2020-07-03,1274974.0,0.0,34580.14,55961.0,0.0,1001.0,266.09,,,81.02,14103.45,0.76,215313504
BRA,South America,Brazil,2020-07-04,1274974.0,0.0,34580.14,55961.0,0.0,1001.0,266.09,,,81.02,14103.45,0.76,215313504
BRA,South America,Brazil,2020-07-05,1539081.0,264107.0,37729.57,63174.0,7213.0,1030.43,300.39,,,81.02,14103.45,0.76,215313504
BRA,South America,Brazil,2020-07-06,1539081.0,0.0,37729.57,63174.0,0.0,1030.43,300.39,,,81.02,14103.45,0.76,215313504
BRA,South America,Brazil,2020-07-07,1539081.0,0.0,37729.57,63174.0,0.0,1030.43,300.39,,,81.02,14103.45,0.76,215313504
BRA,South America,Brazil,2020-07-08,1539081.0,0.0,37729.57,63174.0,0.0,1030.43,300.39,,,81.02,14103.45,0.76,215313504
BRA,South America,Brazil,2020-07-09,1539081.0,0.0,37729.57,63174.0,0.0,1030.43,300.39,,,81.02,14103.45,0.76,215313504
BRA,South America,Brazil,2020-07-10,1539081.0,0.0,37729.57,63174.0,0.0,1030.43,300.39,,,81.02,14103.45,0.76,215313504
BRA,South America,Brazil,2020-07-11,1539081.0,0.0,37729.57,63174.0,0.0,1030.43,300.39,,,81.02,14103.45,0.76,215313504
BRA,South America,Brazil,2020-07-12,1800827.0,261746.0,37392.29,70398.0,7224.0,1032.0,334.74,,,81.02,14103.45,0.76,215313504
BRA,South America,Brazil,2020-07-13,1800827.0,0.0,37392.29,70398.0,0.0,1032.0,334.74,,,81.02,14103.45,0.76,215313504
BRA,South America,Brazil,2020-07-14,1800827.0,0.0,37392.29,70398.0,0.0,1032.0,334.74,,,81.02,14103.45,0.76,215313504
BRA,South America,Brazil,2020-07-15,1800827.0,0.0,37392.29,70398.0,0.0,1032.0,334.74,,,81.02,14103.45,0.76,215313504
BRA,South America,Brazil,2020-07-16,1800827.0,0.0,37392.29,70398.0,0.0,1032.0,334.74,,,81.02,14103.45,0.76,215313504
BRA,South America,Brazil,2020-07-17,1800827.0,0.0,37392.29,70398.0,0.0,1032.0,334.74,,,81.02,14103.45,0.76,215313504
BRA,South America,Brazil,2020-07-18,1800827.0,0.0,37392.29,70398.0,0.0,1032.0,334.74,,,81.02,14103.45,0.76,215313504
BRA,South America,Brazil,2020-07-19,2046328.0,245501.0,35071.57,77851.0,7453.0,1064.71,370.18,,,81.02,14103.45,0.76,215313504
BRA,South America,Brazil,2020-07-20,2046328.0,0.0,35071.57,77851.0,0.0,1064.71,370.18,,,81.02,14103.45,0.76,215313504
BRA,South America,Brazil,2020-07-21,2046328.0,0.0,35071.57,77851.0,0.0,1064.71,370.18,,,81.02,14103.45,0.76,215313504
BRA,South America,Brazil,2020-07-22,2046328.0,0.0,35071.57,77851.0,0.0,1064.71,370.18,,,81.02,14103.45,0.76,215313504
BRA,South America,Brazil,2020-07-23,2046328.0,0.0,35071.57,77851.0,0.0,1064.71,370.18,,,81.02,14103.45,0.76,215313504
BRA,South America,Brazil,2020-07-24,2046328.0,0.0,35071.57,77851.0,0.0,1064.71,370.18,,,81.02,14103.45,0.76,215313504
BRA,South America,Brazil,2020-07-25,2046328.0,0.0,35071.57,77851.0,0.0,1064.71,370.18,,,81.02,14103.45,0.76,215313504
BRA,South America,Brazil,2020-07-26,2343366.0,297038.0,42434.0,85238.0,7387.0,1055.29,405.3,,,81.02,14103.45,0.76,215313504
BRA,South America,Brazil,2020-07-27,2343366.0,0.0,42434.0,85238.0,0.0,1055.29,405.3,,,81.02,14103.45,0.76,215313504
BRA,South America,Brazil,2020-07-28,2343366.0,0.0,42434.0,85238.0,0.0,1055.29,405.3,,,81.02,14103.45,0.76,215313504
BRA,South America,Brazil,2020-07-29,2343366.0,0.0,42434.0,85238.0,0.0,1055.29,405.3,,,72.69,14103.45,0.76,215313504
BRA,South America,Brazil,2020-07-30,2343366.0,0.0,42434.0,85238.0,0.0,1055.29,405.3,,,72.69,14103.45,0.76,215313504
BRA,South America,Brazil,2020-07-31,2343366.0,0.0,42434.0,85238.0,0.0,1055.29,405.3,,,72.69,14103.45,0.76,215313504
BRA,South America,Brazil,2020-08-01,2343366.0,0.0,42434.0,85238.0,0.0,1055.29,405.3,,,72.69,14103.45,0.76,215313504
BRA,South America,Brazil,2020-08-02,2662485.0,319119.0,45588.43,92475.0,7237.0,1033.86,439.72,,,72.69,14103.45,0.76,215313504
BRA,South America,Brazil,2020-08-03,2662485.0,0.0,45588.43,92475.0,0.0,1033.86,439.72,,,72.69,14103.45,0.76,215313504
BRA,South America,Brazil,2020-08-04,2662485.0,0.0,45588.43,92475.0,0.0,1033.86,439.72,,,72.69,14103.45,0.76,215313504
BRA,South America,Brazil,2020-08-05,2662485.0,0.0,45588.43,92475.0,0.0,1033.86,439.72,,,72.69,14103.45,0.76,215313504
BRA,South America,Brazil,2020-08-06,2662485.0,0.0,45588.43,92475.0,0.0,1033.86,439.72,,,72.69,14103.45,0.76,215313504
BRA,South America,Brazil,2020-08-07,2662485.0,0.0,45588.43,92475.0,0.0,1033.86,439.72,,,72.69,14103.45,0.76,215313504
BRA,South America,Brazil,2020-08-08,2662485.0,0.0,45588.43,92475.0,0.0,1033.86,439.72,,,72.69,14103.45,0.76,215313504
BRA,South America,Brazil,2020-08-09,2962442.0,299957.0,42851.0,99572.0,7097.0,1013.86,473.46,,,72.69,14103.45,0.76,215313504
BRA,South America,Brazil,2020-08-10,2962442.0,0.0,42851.0,99572.0,0.0,1013.86,473.46,,,72.69,14103.45,0.76,215313504
BRA,South America,Brazil,2020-08-11,2962442.0,0.0,42851.0,99572.0,0.0,1013.86,473.46,,,72.69,14103.45,0.76,215313504
BRA,South America,Brazil,2020-08-12,2962442.0,0.0,42851.0,99572.0,0.0,1013.86,473.46,,,72.69,14103.45,0.76,215313504
BRA,South America,Brazil,2020-08-13,2962442.0,0.0,42851.0,99572.0,0.0,1013.86,473.46,,,72.69,14103.45,0.76,215313504
BRA,South America,Brazil,2020-08-14,2962442.0,0.0,42851.0,99572.0,0.0,1013.86,473.46,,,72.69,14103.45,0.76,215313504
BRA,South America,Brazil,2020-08-15,2962442.0,0.0,42851.0,99572.0,0.0,1013.86,473.46,,,69.91,14103.45,0.76,215313504
BRA,South America,Brazil,2020-08-16,3275520.0,313078.0,44725.43,106523.0,6951.0,993.0,506.51,,,69.91,14103.45,0.76,215313504
BRA,South America,Brazil,2020-08-17,3275520.0,0.0,44725.43,106523.0,0.0,993.0,506.51,,,69.91,14103.45,0.76,215313504
BRA,South America,Brazil,2020-08-18,3275520.0,0.0,44725.43,106523.0,0.0,993.0,506.51,,,69.91,14103.45,0.76,215313504
BRA,South America,Brazil,2020-08-19,3275520.0,0.0,44725.43,106523.0,0.0,993.0,506.51,,,69.91,14103.45,0.76,215313504
BRA,South America,Brazil,2020-08-20,3275520.0,0.0,44725.43,106523.0,0.0,993.0,506.51,,,69.91,14103.45,0.76,215313504
BRA,South America,Brazil,2020-08-21,3275520.0,0.0,44725.43,106523.0,0.0,993.0,506.51,,,69.91,14103.45,0.76,215313504
BRA,South America,Brazil,2020-08-22,3275520.0,0.0,44725.43,106523.0,0.0,993.0,506.51,,,69.91,14103.45,0.76,215313504
BRA,South America,Brazil,2020-08-23,3532330.0,256810.0,36687.14,113358.0,6835.0,976.43,539.01,,,69.91,14103.45,0.76,215313504
BRA,South America,Brazil,2020-08-24,3532330.0,0.0,36687.14,113358.0,0.0,976.43,539.01,,,73.61,14103.45,0.76,215313504
BRA,South America,Brazil,2020-08-25,3532330.0,0.0,36687.14,113358.0,0.0,976.43,539.01,,,73.61,14103.45,0.76,215313504
BRA,South America,Brazil,2020-08-26,3532330.0,0.0,36687.14,113358.0,0.0,976.43,539.01,,,73.61,14103.45,0.76,215313504
BRA,South America,Brazil,2020-08-27,3532330.0,0.0,36687.14,113358.0,0.0,976.43,539.01,,,73.61,14103.45,0.76,215313504
BRA,South America,Brazil,2020-08-28,3532330.0,0.0,36687.14,113358.0,0.0,976.43,539.01,,,73.61,14103.45,0.76,215313504
BRA,South America,Brazil,2020-08-29,3532330.0,0.0,36687.14,113358.0,0.0,976.43,539.01,,,73.61,14103.45,0.76,215313504
BRA,South America,Brazil,2020-08-30,3804803.0,272473.0,38924.71,119504.0,6146.0,878.0,568.24,,,73.61,14103.45,0.76,215313504
BRA,South America,Brazil,2020-08-31,3804803.0,0.0,38924.71,119504.0,0.0,878.0,568.24,,,69.91,14103.45,0.76,215313504
BRA,South America,Brazil,2020-09-01,3804803.0,0.0,38924.71,119504.0,0.0,878.0,568.24,,,69.91,14103.45,0.76,215313504
BRA,South America,Brazil,2020-09-02,3804803.0,0.0,38924.71,119504.0,0.0,878.0,568.24,,,69.91,14103.45,0.76,215313504
BRA,South America,Brazil,2020-09-03,3804803.0,0.0,38924.71,119504.0,0.0,878.0,568.24,,,69.91,14103.45,0.76,215313504
BRA,South America,Brazil,2020-09-04,3804803.0,0.0,38924.71,119504.0,0.0,878.0,568.24,,,69.91,14103.45,0.76,215313504
BRA,South America,Brazil,2020-09-05,3804803.0,0.0,38924.71,119504.0,0.0,878.0,568.24,,,69.91,14103.45,0.76,215313504
BRA,South America,Brazil,2020-09-06,4092832.0,288029.0,41147.0,125521.0,6017.0,859.57,596.85,,,69.91,14103.45,0.76,215313504
BRA,South America,Brazil,2020-09-07,4092832.0,0.0,41147.0,125521.0,0.0,859.57,596.85,,,69.91,14103.45,0.76,215313504
BRA,South America,Brazil,2020-09-08,4092832.0,0.0,41147.0,125521.0,0.0,859.57,596.85,,,69.91,14103.45,0.76,215313504
BRA,South America,Brazil,2020-09-09,4092832.0,0.0,41147.0,125521.0,0.0,859.57,596.85,,,69.91,14103.45,0.76,215313504
BRA,South America,Brazil,2020-09-10,4092832.0,0.0,41147.0,125521.0,0.0,859.57,596.85,,,69.91,14103.45,0.76,215313504
BRA,South America,Brazil,2020-09-11,4092832.0,0.0,41147.0,125521.0,0.0,859.57,596.85,,,69.91,14103.45,0.76,215313504
BRA,South America,Brazil,2020-09-12,4092832.0,0.0,41147.0,125521.0,0.0,859.57,596.85,,,69.91,14103.45,0.76,215313504
BRA,South America,Brazil,2020-09-13,4282164.0,189332.0,27047.43,130396.0,4875.0,696.43,620.03,,,69.91,14103.45,0.76,215313504
BRA,South America,Brazil,2020-09-14,4282164.0,0.0,27047.43,130396.0,0.0,696.43,620.03,,,69.91,14103.45,0.76,215313504
BRA,South America,Brazil,2020-09-15,4282164.0,0.0,27047.43,130396.0,0.0,696.43,620.03,,,69.91,14103.45,0.76,215313504
BRA,South America,Brazil,2020-09-16,4282164.0,0.0,27047.43,130396.0,0.0,696.43,620.03,,,69.91,14103.45,0.76,215313504
BRA,South America,Brazil,2020-09-17,4282164.0,0.0,27047.43,130396.0,0.0,696.43,620.03,,,69.91,14103.45,0.76,215313504
BRA,South America,Brazil,2020-09-18,4282164.0,0.0,27047.43,130396.0,0.0,696.43,620.03,,,69.91,14103.45,0.76,215313504
BRA,South America,Brazil,2020-09-19,4282164.0,0.0,27047.43,130396.0,0.0,696.43,620.03,,,69.91,14103.45,0.76,215313504
BRA,South America,Brazil,2020-09-20,4495183.0,213019.0,30431.29,135793.0,5397.0,771.0,645.69,,,69.91,14103.45,0.76,215313504
BRA,South America,Brazil,2020-09-21,4495183.0,0.0,30431.29,135793.0,0.0,771.0,645.69,,,69.91,14103.45,0.76,215313504
BRA,South America,Brazil,2020-09-22,4495183.0,0.0,30431.29,135793.0,0.0,771.0,645.69,,,69.91,14103.45,0.76,215313504
BRA,South America,Brazil,2020-09-23,4495183.0,0.0,30431.29,135793.0,0.0,771.0,645.69,,,67.13,14103.45,0.76,215313504
BRA,South America,Brazil,2020-09-24,4495183.0,0.0,30431.29,135793.0,0.0,771.0,645.69,,,67.13,14103.45,0.76,215313504
BRA,South America,Brazil,2020-09-25,4495183.0,0.0,30431.29,135793.0,0.0,771.0,645.69,,,67.13,14103.45,0.76,215313504
BRA,South America,Brazil,2020-09-26,4495183.0,0.0,30431.29,135793.0,0.0,771.0,645.69,,,67.13,14103.45,0.76,215313504
BRA,South America,Brazil,2020-09-27,4689613.0,194430.0,27775.71,140537.0,4744.0,677.71,668.25,,,67.13,14103.45,0.76,215313504
BRA,South America,Brazil,2020-09-28,4689613.0,0.0,27775.71,140537.0,0.0,677.71,668.25,,,67.13,14103.45,0.76,215313504
BRA,South America,Brazil,2020-09-29,4689613.0,0.0,27775.71,140537.0,0.0,677.71,668.25,,,67.13,14103.45,0.76,215313504
BRA,South America,Brazil,2020-09-30,4689613.0,0.0,27775.71,140537.0,0.0,677.71,668.25,,,67.13,14103.45,0.76,215313504
BRA,South America,Brazil,2020-10-01,4689613.0,0.0,27775.71,140537.0,0.0,677.71,668.25,,,67.13,14103.45,0.76,215313504
BRA,South America,Brazil,2020-10-02,4689613.0,0.0,27775.71,140537.0,0.0,677.71,668.25,,,67.13,14103.45,0.76,215313504
BRA,South America,Brazil,2020-10-03,4689613.0,0.0,27775.71,140537.0,0.0,677.71,668.25,,,67.13,14103.45,0.76,215313504
BRA,South America,Brazil,2020-10-04,4880523.0,190910.0,27272.86,145388.0,4851.0,693.0,691.32,,,67.13,14103.45,0.76,215313504
BRA,South America,Brazil,2020-10-05,4880523.0,0.0,27272.86,145388.0,0.0,693.0,691.32,,,67.13,14103.45,0.76,215313504
BRA,South America,Brazil,2020-10-06,4880523.0,0.0,27272.86,145388.0,0.0,693.0,691.32,,,67.13,14103.45,0.76,215313504
BRA,South America,Brazil,2020-10-07,4880523.0,0.0,27272.86,145388.0,0.0,693.0,691.32,,,67.13,14103.45,0.76,215313504
BRA,South America,Brazil,2020-10-08,4880523.0,0.0,27272.86,145388.0,0.0,693.0,691.32,,,63.43,14103.45,0.76,215313504
BRA,South America,Brazil,2020-10-09,4880523.0,0.0,27272.86,145388.0,0.0,693.0,691.32,,,63.43,14103.45,0.76,215313504
BRA,South America,Brazil,2020-10-10,4880523.0,0.0,27272.86,145388.0,0.0,693.0,691.32,,,63.43,14103.45,0.76,215313504
BRA,South America,Brazil,2020-10-11,5055888.0,175365.0,25052.14,149639.0,4251.0,607.29,711.53,,,63.43,14103.45,0.76,215313504
BRA,South America,Brazil,2020-10-12,5055888.0,0.0,25052.14,149639.0,0.0,607.29,711.53,,,63.43,14103.45,0.76,215313504
BRA,South America,Brazil,2020-10-13,5055888.0,0.0,25052.14,149639.0,0.0,607.29,711.53,,,63.43,14103.45,0.76,215313504
BRA,South America,Brazil,2020-10-14,5055888.0,0.0,25052.14,149639.0,0.0,607.29,711.53,,,63.43,14103.45,0.76,215313504
BRA,South America,Brazil,2020-10-15,5055888.0,0.0,25052.14,149639.0,0.0,607.29,711.53,,,63.43,14103.45,0.76,215313504
BRA,South America,Brazil,2020-10-16,5055888.0,0.0,25052.14,149639.0,0.0,607.29,711.53,,,63.43,14103.45,0.76,215313504
BRA,South America,Brazil,2020-10-17,5055888.0,0.0,25052.14,149639.0,0.0,607.29,711.53,,,63.43,14103.45,0.76,215313504
BRA,South America,Brazil,2020-10-18,5200300.0,144412.0,20630.29,153214.0,3575.0,510.71,728.53,,,63.43,14103.45,0.76,215313504
BRA,South America,Brazil,2020-10-19,5200300.0,0.0,20630.29,153214.0,0.0,510.71,728.53,,,63.43,14103.45,0.76,215313504
BRA,South America,Brazil,2020-10-20,5200300.0,0.0,20630.29,153214.0,0.0,510.71,728.53,,,63.43,14103.45,0.76,215313504
BRA,South America,Brazil,2020-10-21,5200300.0,0.0,20630.29,153214.0,0.0,510.71,728.53,,,63.43,14103.45,0.76,215313504
BRA,South America,Brazil,2020-10-22,5200300.0,0.0,20630.29,153214.0,0.0,510.71,728.53,,,63.43,14103.45,0.76,215313504
BRA,South America,Brazil,2020-10-23,5200300.0,0.0,20630.29,153214.0,0.0,510.71,728.53,,,57.87,14103.45,0.76,215313504
BRA,South America,Brazil,2020-10-24,5200300.0,0.0,20630.29,153214.0,0.0,510.71,728.53,,,57.87,14103.45,0.76,215313504
BRA,South America,Brazil,2020-10-25,5353656.0,153356.0,21908.0,156471.0,3257.0,465.29,744.01,,,57.87,14103.45,0.76,215313504
BRA,South America,Brazil,2020-10-26,5353656.0,0.0,21908.0,156471.0,0.0,465.29,744.01,,,57.87,14103.45,0.76,215313504
BRA,South America,Brazil,2020-10-27,5353656.0,0.0,21908.0,156471.0,0.0,465.29,744.01,,,57.87,14103.45,0.76,215313504
BRA,South America,Brazil,2020-10-28,5353656.0,0.0,21908.0,156471.0,0.0,465.29,744.01,,,57.87,14103.45,0.76,215313504
BRA,South America,Brazil,2020-10-29,5353656.0,0.0,21908.0,156471.0,0.0,465.29,744.01,,,57.87,14103.45,0.76,215313504
BRA,South America,Brazil,2020-10-30,5353656.0,0.0,21908.0,156471.0,0.0,465.29,744.01,,,57.87,14103.45,0.76,215313504
BRA,South America,Brazil,2020-10-31,5353656.0,0.0,21908.0,156471.0,0.0,465.29,744.01,,,57.87,14103.45,0.76,215313504
BRA,South America,Brazil,2020-11-01,5516658.0,163002.0,23286.0,159477.0,3006.0,429.43,758.31,,,57.87,14103.45,0.76,215313504
BRA,South America,Brazil,2020-11-02,5516658.0,0.0,23286.0,159477.0,0.0,429.43,758.31,,,57.87,14103.45,0.76,215313504
BRA,South America,Brazil,2020-11-03,5516658.0,0.0,23286.0,159477.0,0.0,429.43,758.31,,,57.87,14103.45,0.76,215313504
BRA,South America,Brazil,2020-11-04,5516658.0,0.0,23286.0,159477.0,0.0,429.43,758.31,,,57.87,14103.45,0.76,215313504
BRA,South America,Brazil,2020-11-05,5516658.0,0.0,23286.0,159477.0,0.0,429.43,758.31,,,57.87,14103.45,0.76,215313504
BRA,South America,Brazil,2020-11-06,5516658.0,0.0,23286.0,159477.0,0.0,429.43,758.31,,,57.87,14103.45,0.76,215313504
BRA,South America,Brazil,2020-11-07,5516658.0,0.0,23286.0,159477.0,0.0,429.43,758.31,,,57.87,14103.45,0.76,215313504
BRA,South America,Brazil,2020-11-08,5631181.0,114523.0,16360.43,162015.0,2538.0,362.57,770.38,,,57.87,14103.45,0.76,215313504
BRA,South America,Brazil,2020-11-09,5631181.0,0.0,16360.43,162015.0,0.0,362.57,770.38,,,57.87,14103.45,0.76,215313504
BRA,South America,Brazil,2020-11-10,5631181.0,0.0,16360.43,162015.0,0.0,362.57,770.38,,,57.87,14103.45,0.76,215313504
BRA,South America,Brazil,2020-11-11,5631181.0,0.0,16360.43,162015.0,0.0,362.57,770.38,,,57.87,14103.45,0.76,215313504
BRA,South America,Brazil,2020-11-12,5631181.0,0.0,16360.43,162015.0,0.0,362.57,770.38,,,57.87,14103.45,0.76,215313504
BRA,South America,Brazil,2020-11-13,5631181.0,0.0,16360.43,162015.0,0.0,362.57,770.38,,,57.87,14103.45,0.76,215313504
BRA,South America,Brazil,2020-11-14,5631181.0,0.0,16360.43,162015.0,0.0,362.57,770.38,,,57.87,14103.45,0.76,215313504
BRA,South America,Brazil,2020-11-15,5810652.0,179471.0,25638.71,164737.0,2722.0,388.86,783.32,,,57.87,14103.45,0.76,215313504
BRA,South America,Brazil,2020-11-16,5810652.0,0.0,25638.71,164737.0,0.0,388.86,783.32,,,57.87,14103.45,0.76,215313504
BRA,South America,Brazil,2020-11-17,5810652.0,0.0,25638.71,164737.0,0.0,388.86,783.32,,,57.87,14103.45,0.76,215313504
BRA,South America,Brazil,2020-11-18,5810652.0,0.0,25638.71,164737.0,0.0,388.86,783.32,,,57.87,14103.45,0.76,215313504
BRA,South America,Brazil,2020-11-19,5810652.0,0.0,25638.71,164737.0,0.0,388.86,783.32,,,57.87,14103.45,0.76,215313504
BRA,South America,Brazil,2020-11-20,5810652.0,0.0,25638.71,164737.0,0.0,388.86,783.32,,,57.87,14103.45,0.76,215313504
BRA,South America,Brazil,2020-11-21,5810652.0,0.0,25638.71,164737.0,0.0,388.86,783.32,,,57.87,14103.45,0.76,215313504
BRA,South America,Brazil,2020-11-22,6020164.0,209512.0,29930.29,168613.0,3876.0,553.71,801.75,,,57.87,14103.45,0.76,215313504
BRA,South America,Brazil,2020-11-23,6020164.0,0.0,29930.29,168613.0,0.0,553.71,801.75,,,57.87,14103.45,0.76,215313504
BRA,South America,Brazil,2020-11-24,6020164.0,0.0,29930.29,168613.0,0.0,553.71,801.75,,,57.87,14103.45,0.76,215313504
BRA,South America,Brazil,2020-11-25,6020164.0,0.0,29930.29,168613.0,0.0,553.71,801.75,,,57.87,14103.45,0.76,215313504
BRA,South America,Brazil,2020-11-26,6020164.0,0.0,29930.29,168613.0,0.0,553.71,801.75,,,57.87,14103.45,0.76,215313504
BRA,South America,Brazil,2020-11-27,6020164.0,0.0,29930.29,168613.0,0.0,553.71,801.75,,,57.87,14103.45,0.76,215313504
BRA,South America,Brazil,2020-11-28,6020164.0,0.0,29930.29,168613.0,0.0,553.71,801.75,,,57.87,14103.45,0.76,215313504
BRA,South America,Brazil,2020-11-29,6238350.0,218186.0,31169.43,171974.0,3361.0,480.14,817.73,,,57.87,14103.45,0.76,215313504
BRA,South America,Brazil,2020-11-30,6238350.0,0.0,31169.43,171974.0,0.0,480.14,817.73,,,60.65,14103.45,0.76,215313504
BRA,South America,Brazil,2020-12-01,6238350.0,0.0,31169.43,171974.0,0.0,480.14,817.73,,,60.65,14103.45,0.76,215313504
BRA,South America,Brazil,2020-12-02,6238350.0,0.0,31169.43,171974.0,0.0,480.14,817.73,,,60.65,14103.45,0.76,215313504
BRA,South America,Brazil,2020-12-03,6238350.0,0.0,31169.43,171974.0,0.0,480.14,817.73,,,63.43,14103.45,0.76,215313504
BRA,South America,Brazil,2020-12-04,6238350.0,0.0,31169.43,171974.0,0.0,480.14,817.73,,,63.43,14103.45,0.76,215313504
BRA,South America,Brazil,2020-12-05,6238350.0,0.0,31169.43,171974.0,0.0,480.14,817.73,,,63.43,14103.45,0.76,215313504
BRA,South America,Brazil,2020-12-06,6533968.0,295618.0,42231.14,175964.0,3990.0,570.0,836.7,,,63.43,14103.45,0.76,215313504
BRA,South America,Brazil,2020-12-07,6533968.0,0.0,42231.14,175964.0,0.0,570.0,836.7,,,63.43,14103.45,0.76,215313504
BRA,South America,Brazil,2020-12-08,6533968.0,0.0,42231.14,175964.0,0.0,570.0,836.7,,,63.43,14103.45,0.76,215313504
BRA,South America,Brazil,2020-12-09,6533968.0,0.0,42231.14,175964.0,0.0,570.0,836.7,,,60.65,14103.45,0.76,215313504
BRA,South America,Brazil,2020-12-10,6533968.0,0.0,42231.14,175964.0,0.0,570.0,836.7,,,60.65,14103.45,0.76,215313504
BRA,South America,Brazil,2020-12-11,6533968.0,0.0,42231.14,175964.0,0.0,570.0,836.7,,,64.35,14103.45,0.76,215313504
BRA,South America,Brazil,2020-12-12,6533968.0,0.0,42231.14,175964.0,0.0,570.0,836.7,,,64.35,14103.45,0.76,215313504
BRA,South America,Brazil,2020-12-13,6836227.0,302259.0,43179.86,180437.0,4473.0,639.0,857.97,,,64.35,14103.45,0.76,215313504
BRA,South America,Brazil,2020-12-14,6836227.0,0.0,43179.86,180437.0,0.0,639.0,857.97,,,64.35,14103.45,0.76,215313504
BRA,South America,Brazil,2020-12-15,6836227.0,0.0,43179.86,180437.0,0.0,639.0,857.97,,,67.13,14103.45,0.76,215313504
BRA,South America,Brazil,2020-12-16,6836227.0,0.0,43179.86,180437.0,0.0,639.0,857.97,,,64.35,14103.45,0.76,215313504
BRA,South America,Brazil,2020-12-17,6836227.0,0.0,43179.86,180437.0,0.0,639.0,857.97,,,61.57,14103.45,0.76,215313504
BRA,South America,Brazil,2020-12-18,6836227.0,0.0,43179.86,180437.0,0.0,639.0,857.97,,,61.57,14103.45,0.76,215313504
BRA,South America,Brazil,2020-12-19,6836227.0,0.0,43179.86,180437.0,0.0,639.0,857.97,,,64.35,14103.45,0.76,215313504
BRA,South America,Brazil,2020-12-20,7162978.0,326751.0,46678.71,185650.0,5213.0,744.71,882.76,,,64.35,14103.45,0.76,215313504
BRA,South America,Brazil,2020-12-21,7162978.0,0.0,46678.71,185650.0,0.0,744.71,882.76,,,64.35,14103.45,0.76,215313504
BRA,South America,Brazil,2020-12-22,7162978.0,0.0,46678.71,185650.0,0.0,744.71,882.76,,,64.35,14103.45,0.76,215313504
BRA,South America,Brazil,2020-12-23,7162978.0,0.0,46678.71,185650.0,0.0,744.71,882.76,,,64.35,14103.45,0.76,215313504
BRA,South America,Brazil,2020-12-24,7162978.0,0.0,46678.71,185650.0,0.0,744.71,882.76,,,64.35,14103.45,0.76,215313504
BRA,South America,Brazil,2020-12-25,7162978.0,0.0,46678.71,185650.0,0.0,744.71,882.76,,,64.35,14103.45,0.76,215313504
BRA,South America,Brazil,2020-12-26,7162978.0,0.0,46678.71,185650.0,0.0,744.71,882.76,,,64.35,14103.45,0.76,215313504
BRA,South America,Brazil,2020-12-27,7448560.0,285582.0,40797.43,190488.0,4838.0,691.14,905.76,,,64.35,14103.45,0.76,215313504
BRA,South America,Brazil,2020-12-28,7448560.0,0.0,40797.43,190488.0,0.0,691.14,905.76,,,64.35,14103.45,0.76,215313504
BRA,South America,Brazil,2020-12-29,7448560.0,0.0,40797.43,190488.0,0.0,691.14,905.76,,,64.35,14103.45,0.76,215313504
BRA,South America,Brazil,2020-12-30,7448560.0,0.0,40797.43,190488.0,0.0,691.14,905.76,,,64.35,14103.45,0.76,215313504
BRA,South America,Brazil,2020-12-31,7448560.0,0.0,40797.43,190488.0,0.0,691.14,905.76,,,64.35,14103.45,0.76,215313504
BRA,South America,Brazil,2021-01-01,7448560.0,0.0,40797.43,190488.0,0.0,691.14,905.76,,,64.35,14103.45,0.76,215313504
BRA,South America,Brazil,2021-01-02,7448560.0,0.0,40797.43,190488.0,0.0,691.14,905.76,,,64.35,14103.45,0.76,215313504
BRA,South America,Brazil,2021-01-03,7700578.0,252018.0,36002.57,195411.0,4923.0,703.29,929.17,,,64.35,14103.45,0.76,215313504
BRA,South America,Brazil,2021-01-04,7700578.0,0.0,36002.57,195411.0,0.0,703.29,929.17,,,64.35,14103.45,0.76,215313504
BRA,South America,Brazil,2021-01-05,7700578.0,0.0,36002.57,195411.0,0.0,703.29,929.17,,,64.35,14103.45,0.76,215313504
BRA,South America,Brazil,2021-01-06,7700578.0,0.0,36002.57,195411.0,0.0,703.29,929.17,,,64.35,14103.45,0.76,215313504
BRA,South America,Brazil,2021-01-07,7700578.0,0.0,36002.57,195411.0,0.0,703.29,929.17,,,61.57,14103.45,0.76,215313504
BRA,South America,Brazil,2021-01-08,7700578.0,0.0,36002.57,195411.0,0.0,703.29,929.17,,,61.57,14103.45,0.76,215313504
BRA,South America,Brazil,2021-01-09,7700578.0,0.0,36002.57,195411.0,0.0,703.29,929.17,,,61.57,14103.45,0.76,215313504
BRA,South America,Brazil,2021-01-10,8013708.0,313130.0,44732.86,201460.0,6049.0,864.14,957.94,,,61.57,14103.45,0.76,215313504
BRA,South America,Brazil,2021-01-11,8013708.0,0.0,44732.86,201460.0,0.0,864.14,957.94,,,61.57,14103.45,0.76,215313504
BRA,South America,Brazil,2021-01-12,8013708.0,0.0,44732.86,201460.0,0.0,864.14,957.94,,,61.57,14103.45,0.76,215313504
BRA,South America,Brazil,2021-01-13,8013708.0,0.0,44732.86,201460.0,0.0,864.14,957.94,,,64.35,14103.45,0.76,215313504
BRA,South America,Brazil,2021-01-14,8013708.0,0.0,44732.86,201460.0,0.0,864.14,957.94,,,72.69,14103.45,0.76,215313504
BRA,South America,Brazil,2021-01-15,8013708.0,0.0,44732.86,201460.0,0.0,864.14,957.94,,,72.69,14103.45,0.76,215313504
BRA,South America,Brazil,2021-01-16,8013708.0,0.0,44732.86,201460.0,0.0,864.14,957.94,,,72.69,14103.45,0.76,215313504
BRA,South America,Brazil,2021-01-17,8393492.0,379784.0,54254.86,208246.0,6786.0,969.43,990.2,0.0,,72.69,14103.45,0.76,215313504
BRA,South America,Brazil,2021-01-18,8393492.0,0.0,54254.86,208246.0,0.0,969.43,990.2,0.0,,72.69,14103.45,0.76,215313504
BRA,South America,Brazil,2021-01-19,8393492.0,0.0,54254.86,208246.0,0.0,969.43,990.2,0.01,,72.69,14103.45,0.76,215313504
BRA,South America,Brazil,2021-01-20,8393492.0,0.0,54254.86,208246.0,0.0,969.43,990.2,0.05,,72.69,14103.45,0.76,215313504
BRA,South America,Brazil,2021-01-21,8393492.0,0.0,54254.86,208246.0,0.0,969.43,990.2,0.09,,72.69,14103.45,0.76,215313504
BRA,South America,Brazil,2021-01-22,8393492.0,0.0,54254.86,208246.0,0.0,969.43,990.2,0.21,,72.69,14103.45,0.76,215313504
BRA,South America,Brazil,2021-01-23,8393492.0,0.0,54254.86,208246.0,0.0,969.43,990.2,0.27,,72.69,14103.45,0.76,215313504
BRA,South America,Brazil,2021-01-24,8753920.0,360428.0,51489.71,215243.0,6997.0,999.57,1023.47,0.29,,72.69,14103.45,0.76,215313504
BRA,South America,Brazil,2021-01-25,8753920.0,0.0,51489.71,215243.0,0.0,999.57,1023.47,0.37,,72.69,14103.45,0.76,215313504
BRA,South America,Brazil,2021-01-26,8753920.0,0.0,51489.71,215243.0,0.0,999.57,1023.47,0.49,,69.91,14103.45,0.76,215313504
BRA,South America,Brazil,2021-01-27,8753920.0,0.0,51489.71,215243.0,0.0,999.57,1023.47,0.62,,69.91,14103.45,0.76,215313504
BRA,South America,Brazil,2021-01-28,8753920.0,0.0,51489.71,215243.0,0.0,999.57,1023.47,0.73,,69.91,14103.45,0.76,215313504
BRA,South America,Brazil,2021-01-29,8753920.0,0.0,51489.71,215243.0,0.0,999.57,1023.47,0.89,,69.91,14103.45,0.76,215313504
BRA,South America,Brazil,2021-01-30,8753920.0,0.0,51489.71,215243.0,0.0,999.57,1023.47,0.95,,69.91,14103.45,0.76,215313504
BRA,South America,Brazil,2021-01-31,9118513.0,364593.0,52084.71,222666.0,7423.0,1060.43,1058.77,0.97,,69.91,14103.45,0.76,215313504
BRA,South America,Brazil,2021-02-01,9118513.0,0.0,52084.71,222666.0,0.0,1060.43,1058.77,1.06,,69.91,14103.45,0.76,215313504
BRA,South America,Brazil,2021-02-02,9118513.0,0.0,52084.71,222666.0,0.0,1060.43,1058.77,1.17,,69.91,14103.45,0.76,215313504
BRA,South America,Brazil,2021-02-03,9118513.0,0.0,52084.71,222666.0,0.0,1060.43,1058.77,1.3,,69.91,14103.45,0.76,215313504
BRA,South America,Brazil,2021-02-04,9118513.0,0.0,52084.71,222666.0,0.0,1060.43,1058.77,1.43,,69.91,14103.45,0.76,215313504
BRA,South America,Brazil,2021-02-05,9118513.0,0.0,52084.71,222666.0,0.0,1060.43,1058.77,1.58,0.0,69.91,14103.45,0.76,215313504
BRA,South America,Brazil,2021-02-06,9118513.0,0.0,52084.71,222666.0,0.0,1060.43,1058.77,1.64,0.01,69.91,14103.45,0.76,215313504
BRA,South America,Brazil,2021-02-07,9447165.0,328652.0,46950.29,230034.0,7368.0,1052.57,1093.8,1.66,0.01,69.91,14103.45,0.76,215313504
BRA,South America,Brazil,2021-02-08,9447165.0,0.0,46950.29,230034.0,0.0,1052.57,1093.8,1.76,0.02,69.91,14103.45,0.76,215313504
BRA,South America,Brazil,2021-02-09,9447165.0,0.0,46950.29,230034.0,0.0,1052.57,1093.8,1.89,0.02,69.91,14103.45,0.76,215313504
BRA,South America,Brazil,2021-02-10,9447165.0,0.0,46950.29,230034.0,0.0,1052.57,1093.8,2.01,0.04,69.91,14103.45,0.76,215313504
BRA,South America,Brazil,2021-02-11,9447165.0,0.0,46950.29,230034.0,0.0,1052.57,1093.8,2.13,0.05,69.91,14103.45,0.76,215313504
BRA,South America,Brazil,2021-02-12,9447165.0,0.0,46950.29,230034.0,0.0,1052.57,1093.8,2.3,0.08,69.91,14103.45,0.76,215313504
BRA,South America,Brazil,2021-02-13,9447165.0,0.0,46950.29,230034.0,0.0,1052.57,1093.8,2.34,0.09,69.91,14103.45,0.76,215313504
BRA,South America,Brazil,2021-02-14,9765455.0,318290.0,45470.0,237489.0,7455.0,1065.0,1129.25,2.36,0.1,69.91,14103.45,0.76,215313504
BRA,South America,Brazil,2021-02-15,9765455.0,0.0,45470.0,237489.0,0.0,1065.0,1129.25,2.47,0.13,73.61,14103.45,0.76,215313504
BRA,South America,Brazil,2021-02-16,9765455.0,0.0,45470.0,237489.0,0.0,1065.0,1129.25,2.47,0.26,73.61,14103.45,0.76,215313504
BRA,South America,Brazil,2021-02-17,9765455.0,0.0,45470.0,237489.0,0.0,1065.0,1129.25,2.55,0.34,73.61,14103.45,0.76,215313504
BRA,South America,Brazil,2021-02-18,9765455.0,0.0,45470.0,237489.0,0.0,1065.0,1129.25,2.62,0.42,73.61,14103.45,0.76,215313504
BRA,South America,Brazil,2021-02-19,9765455.0,0.0,45470.0,237489.0,0.0,1065.0,1129.25,2.67,0.49,73.61,14103.45,0.76,215313504
BRA,South America,Brazil,2021-02-20,9765455.0,0.0,45470.0,237489.0,0.0,1065.0,1129.25,2.7,0.53,73.61,14103.45,0.76,215313504
BRA,South America,Brazil,2021-02-21,10081676.0,316221.0,45174.43,244765.0,7276.0,1039.43,1163.85,2.72,0.54,73.61,14103.45,0.76,215313504
BRA,South America,Brazil,2021-02-22,10081676.0,0.0,45174.43,244765.0,0.0,1039.43,1163.85,2.79,0.6,73.61,14103.45,0.76,215313504
BRA,South America,Brazil,2021-02-23,10081676.0,0.0,45174.43,244765.0,0.0,1039.43,1163.85,2.84,0.67,73.61,14103.45,0.76,215313504
BRA,South America,Brazil,2021-02-24,10081676.0,0.0,45174.43,244765.0,0.0,1039.43,1163.85,2.88,0.74,73.61,14103.45,0.76,215313504
BRA,South America,Brazil,2021-02-25,10081676.0,0.0,45174.43,244765.0,0.0,1039.43,1163.85,2.95,0.82,73.61,14103.45,0.76,215313504
BRA,South America,Brazil,2021-02-26,10081676.0,0.0,45174.43,244765.0,0.0,1039.43,1163.85,2.99,0.88,76.39,14103.45,0.76,215313504
BRA,South America,Brazil,2021-02-27,10081676.0,0.0,45174.43,244765.0,0.0,1039.43,1163.85,3.03,0.89,70.83,14103.45,0.76,215313504
BRA,South America,Brazil,2021-02-28,10455630.0,373954.0,53422.0,252835.0,8070.0,1152.86,1202.22,3.04,0.89,70.83,14103.45,0.76,215313504
BRA,South America,Brazil,2021-03-01,10455630.0,0.0,53422.0,252835.0,0.0,1152.86,1202.22,3.16,0.95,67.13,14103.45,0.76,215313504
BRA,South America,Brazil,2021-03-02,10455630.0,0.0,53422.0,252835.0,0.0,1152.86,1202.22,3.3,1.0,67.13,14103.45,0.76,215313504
BRA,South America,Brazil,2021-03-03,10455630.0,0.0,53422.0,252835.0,0.0,1152.86,1202.22,3.45,1.08,67.13,14103.45,0.76,215313504
BRA,South America,Brazil,2021-03-04,10455630.0,0.0,53422.0,252835.0,0.0,1152.86,1202.22,3.58,1.15,67.13,14103.45,0.76,215313504
BRA,South America,Brazil,2021-03-05,10455630.0,0.0,53422.0,252835.0,0.0,1152.86,1202.22,3.7,1.22,67.13,14103.45,0.76,215313504
BRA,South America,Brazil,2021-03-06,10455630.0,0.0,53422.0,252835.0,0.0,1152.86,1202.22,3.78,1.25,67.13,14103.45,0.76,215313504
BRA,South America,Brazil,2021-03-07,10869227.0,413597.0,59085.29,262770.0,9935.0,1419.29,1249.46,3.82,1.26,67.13,14103.45,0.76,215313504
BRA,South America,Brazil,2021-03-08,10869227.0,0.0,59085.29,262770.0,0.0,1419.29,1249.46,3.95,1.32,67.13,14103.45,0.76,215313504
BRA,South America,Brazil,2021-03-09,10869227.0,0.0,59085.29,262770.0,0.0,1419.29,1249.46,4.07,1.39,67.13,14103.45,0.76,215313504
BRA,South America,Brazil,2021-03-10,10869227.0,0.0,59085.29,262770.0,0.0,1419.29,1249.46,4.19,1.47,67.13,14103.45,0.76,215313504
BRA,South America,Brazil,2021-03-11,10869227.0,0.0,59085.29,262770.0,0.0,1419.29,1249.46,4.32,1.54,67.13,14103.45,0.76,215313504
BRA,South America,Brazil,2021-03-12,10869227.0,0.0,59085.29,262770.0,0.0,1419.29,1249.46,4.43,1.61,67.13,14103.45,0.76,215313504
BRA,South America,Brazil,2021-03-13,10869227.0,0.0,59085.29,262770.0,0.0,1419.29,1249.46,4.49,1.65,67.13,14103.45,0.76,215313504
BRA,South America,Brazil,2021-03-14,11363380.0,494153.0,70593.29,275105.0,12335.0,1762.14,1308.12,4.51,1.66,67.13,14103.45,0.76,215313504
BRA,South America,Brazil,2021-03-15,11363380.0,0.0,70593.29,275105.0,0.0,1762.14,1308.12,4.69,1.71,67.13,14103.45,0.76,215313504
BRA,South America,Brazil,2021-03-16,11363380.0,0.0,70593.29,275105.0,0.0,1762.14,1308.12,4.83,1.76,67.13,14103.45,0.76,215313504
BRA,South America,Brazil,2021-03-17,11363380.0,0.0,70593.29,275105.0,0.0,1762.14,1308.12,4.98,1.82,70.83,14103.45,0.76,215313504
BRA,South America,Brazil,2021-03-18,11363380.0,0.0,70593.29,275105.0,0.0,1762.14,1308.12,5.13,1.87,70.83,14103.45,0.76,215313504
BRA,South America,Brazil,2021-03-19,11363380.0,0.0,70593.29,275105.0,0.0,1762.14,1308.12,5.35,1.91,70.83,14103.45,0.76,215313504
BRA,South America,Brazil,2021-03-20,11363380.0,0.0,70593.29,275105.0,0.0,1762.14,1308.12,5.45,1.92,70.83,14103.45,0.76,215313504
BRA,South America,Brazil,2021-03-21,11871390.0,508010.0,72572.86,290314.0,15209.0,2172.71,1380.43,5.49,1.93,70.83,14103.45,0.76,215313504
BRA,South America,Brazil,2021-03-22,11871390.0,0.0,72572.86,290314.0,0.0,2172.71,1380.43,5.72,1.97,70.83,14103.45,0.76,215313504
BRA,South America,Brazil,2021-03-23,11871390.0,0.0,72572.86,290314.0,0.0,2172.71,1380.43,5.95,2.02,70.83,14103.45,0.76,215313504
BRA,South America,Brazil,2021-03-24,11871390.0,0.0,72572.86,290314.0,0.0,2172.71,1380.43,6.24,2.07,70.83,14103.45,0.76,215313504
BRA,South America,Brazil,2021-03-25,11871390.0,0.0,72572.86,290314.0,0.0,2172.71,1380.43,6.55,2.11,70.83,14103.45,0.76,215313504
BRA,South America,Brazil,2021-03-26,11871390.0,0.0,72572.86,290314.0,0.0,2172.71,1380.43,6.93,2.16,70.83,14103.45,0.76,215313504
BRA,South America,Brazil,2021-03-27,11871390.0,0.0,72572.86,290314.0,0.0,2172.71,1380.43,7.1,2.17,70.83,14103.45,0.76,215313504
BRA,South America,Brazil,2021-03-28,12404414.0,533024.0,76146.29,307112.0,16798.0,2399.71,1460.31,7.21,2.18,70.83,14103.45,0.76,215313504
BRA,South America,Brazil,2021-03-29,12404414.0,0.0,76146.29,307112.0,0.0,2399.71,1460.31,7.59,2.24,70.83,14103.45,0.76,215313504
BRA,South America,Brazil,2021-03-30,12404414.0,0.0,76146.29,307112.0,0.0,2399.71,1460.31,7.89,2.3,70.83,14103.45,0.76,215313504
BRA,South America,Brazil,2021-03-31,12404414.0,0.0,76146.29,307112.0,0.0,2399.71,1460.31,8.24,2.37,70.83,14103.45,0.76,215313504
BRA,South America,Brazil,2021-04-01,12404414.0,0.0,76146.29,307112.0,0.0,2399.71,1460.31,8.66,2.43,70.83,14103.45,0.76,215313504
BRA,South America,Brazil,2021-04-02,12404414.0,0.0,76146.29,307112.0,0.0,2399.71,1460.31,8.78,2.45,70.83,14103.45,0.76,215313504
BRA,South America,Brazil,2021-04-03,12404414.0,0.0,76146.29,307112.0,0.0,2399.71,1460.31,8.93,2.49,70.83,14103.45,0.76,215313504
BRA,South America,Brazil,2021-04-04,12910082.0,505668.0,72238.29,328206.0,21094.0,3013.43,1560.61,9.06,2.51,70.83,14103.45,0.76,215313504
BRA,South America,Brazil,2021-04-05,12910082.0,0.0,72238.29,328206.0,0.0,3013.43,1560.61,9.31,2.6,70.83,14103.45,0.76,215313504
BRA,South America,Brazil,2021-04-06,12910082.0,0.0,72238.29,328206.0,0.0,3013.43,1560.61,9.68,2.73,70.83,14103.45,0.76,215313504
BRA,South America,Brazil,2021-04-07,12910082.0,0.0,72238.29,328206.0,0.0,3013.43,1560.61,10.0,2.84,70.83,14103.45,0.76,215313504
BRA,South America,Brazil,2021-04-08,12910082.0,0.0,72238.29,328206.0,0.0,3013.43,1560.61,10.33,2.98,70.83,14103.45,0.76,215313504
BRA,South America,Brazil,2021-04-09,12910082.0,0.0,72238.29,328206.0,0.0,3013.43,1560.61,10.54,3.18,70.83,14103.45,0.76,215313504
BRA,South America,Brazil,2021-04-10,12910082.0,0.0,72238.29,328206.0,0.0,3013.43,1560.61,10.73,3.25,70.83,14103.45,0.76,215313504
BRA,South America,Brazil,2021-04-11,13373174.0,463092.0,66156.0,348718.0,20512.0,2930.29,1658.14,10.82,3.28,70.83,14103.45,0.76,215313504
BRA,South America,Brazil,2021-04-12,13373174.0,0.0,66156.0,348718.0,0.0,2930.29,1658.14,11.1,3.44,70.83,14103.45,0.76,215313504
BRA,South America,Brazil,2021-04-13,13373174.0,0.0,66156.0,348718.0,0.0,2930.29,1658.14,11.37,3.6,70.83,14103.45,0.76,215313504
BRA,South America,Brazil,2021-04-14,13373174.0,0.0,66156.0,348718.0,0.0,2930.29,1658.14,11.61,3.79,70.83,14103.45,0.76,215313504
BRA,South America,Brazil,2021-04-15,13373174.0,0.0,66156.0,348718.0,0.0,2930.29,1658.14,11.83,3.98,70.83,14103.45,0.76,215313504
BRA,South America,Brazil,2021-04-16,13373174.0,0.0,66156.0,348718.0,0.0,2930.29,1658.14,11.99,4.27,70.83,14103.45,0.76,215313504
BRA,South America,Brazil,2021-04-17,13373174.0,0.0,66156.0,348718.0,0.0,2930.29,1658.14,12.11,4.42,70.83,14103.45,0.76,215313504
BRA,South America,Brazil,2021-04-18,13832455.0,459281.0,65611.57,368749.0,20031.0,2861.57,1753.39,12.17,4.46,70.83,14103.45,0.76,215313504
BRA,South America,Brazil,2021-04-19,13832455.0,0.0,65611.57,368749.0,0.0,2861.57,1753.39,12.4,4.74,63.43,14103.45,0.76,215313504
BRA,South America,Brazil,2021-04-20,13832455.0,0.0,65611.57,368749.0,0.0,2861.57,1753.39,12.63,4.98,60.65,14103.45,0.76,215313504
BRA,South America,Brazil,2021-04-21,13832455.0,0.0,65611.57,368749.0,0.0,2861.57,1753.39,12.78,5.09,60.65,14103.45,0.76,215313504
BRA,South America,Brazil,2021-04-22,13832455.0,0.0,65611.57,368749.0,0.0,2861.57,1753.39,12.95,5.3,60.65,14103.45,0.76,215313504
BRA,South America,Brazil,2021-04-23,13832455.0,0.0,65611.57,368749.0,0.0,2861.57,1753.39,13.37,5.71,60.65,14103.45,0.76,215313504
BRA,South America,Brazil,2021-04-24,13832455.0,0.0,65611.57,368749.0,0.0,2861.57,1753.39,13.46,5.81,60.65,14103.45,0.76,215313504
BRA,South America,Brazil,2021-04-25,14237078.0,404623.0,57803.29,386416.0,17667.0,2523.86,1837.4,13.49,5.85,60.65,14103.45,0.76,215313504
BRA,South America,Brazil,2021-04-26,14237078.0,0.0,57803.29,386416.0,0.0,2523.86,1837.4,13.75,6.12,60.65,14103.45,0.76,215313504
BRA,South America,Brazil,2021-04-27,14237078.0,0.0,57803.29,386416.0,0.0,2523.86,1837.4,14.06,6.51,60.65,14103.45,0.76,215313504
BRA,South America,Brazil,2021-04-28,14237078.0,0.0,57803.29,386416.0,0.0,2523.86,1837.4,14.28,6.8,60.65,14103.45,0.76,215313504
BRA,South America,Brazil,2021-04-29,14237078.0,0.0,57803.29,386416.0,0.0,2523.86,1837.4,14.51,7.05,60.65,14103.45,0.76,215313504
BRA,South America,Brazil,2021-04-30,14237078.0,0.0,57803.29,386416.0,0.0,2523.86,1837.4,14.72,7.29,60.65,14103.45,0.76,215313504
BRA,South America,Brazil,2021-05-01,14237078.0,0.0,57803.29,386416.0,0.0,2523.86,1837.4,14.78,7.35,60.65,14103.45,0.76,215313504
BRA,South America,Brazil,2021-05-02,14659011.0,421933.0,60276.14,403781.0,17365.0,2480.71,1919.96,14.81,7.37,60.65,14103.45,0.76,215313504
BRA,South America,Brazil,2021-05-03,14659011.0,0.0,60276.14,403781.0,0.0,2480.71,1919.96,15.02,7.57,56.94,14103.45,0.76,215313504
BRA,South America,Brazil,2021-05-04,14659011.0,0.0,60276.14,403781.0,0.0,2480.71,1919.96,15.28,7.77,56.94,14103.45,0.76,215313504
BRA,South America,Brazil,2021-05-05,14659011.0,0.0,60276.14,403781.0,0.0,2480.71,1919.96,15.55,7.94,56.94,14103.45,0.76,215313504
BRA,South America,Brazil,2021-05-06,14659011.0,0.0,60276.14,403781.0,0.0,2480.71,1919.96,15.92,8.06,56.94,14103.45,0.76,215313504
BRA,South America,Brazil,2021-05-07,14659011.0,0.0,60276.14,403781.0,0.0,2480.71,1919.96,16.26,8.19,56.94,14103.45,0.76,215313504
BRA,South America,Brazil,2021-05-08,14659011.0,0.0,60276.14,403781.0,0.0,2480.71,1919.96,16.37,8.23,56.94,14103.45,0.76,215313504
BRA,South America,Brazil,2021-05-09,15082449.0,423438.0,60491.14,419114.0,15333.0,2190.43,1992.87,16.4,8.24,56.94,14103.45,0.76,215313504
BRA,South America,Brazil,2021-05-10,15082449.0,0.0,60491.14,419114.0,0.0,2190.43,1992.87,16.69,8.4,56.94,14103.45,0.76,215313504
BRA,South America,Brazil,2021-05-11,15082449.0,0.0,60491.14,419114.0,0.0,2190.43,1992.87,16.96,8.54,56.94,14103.45,0.76,215313504
BRA,South America,Brazil,2021-05-12,15082449.0,0.0,60491.14,419114.0,0.0,2190.43,1992.87,17.29,8.67,56.94,14103.45,0.76,215313504
BRA,South America,Brazil,2021-05-13,15082449.0,0.0,60491.14,419114.0,0.0,2190.43,1992.87,17.54,8.74,56.94,14103.45,0.76,215313504
BRA,South America,Brazil,2021-05-14,15082449.0,0.0,60491.14,419114.0,0.0,2190.43,1992.87,17.8,8.82,56.94,14103.45,0.76,215313504
BRA,South America,Brazil,2021-05-15,15082449.0,0.0,60491.14,419114.0,0.0,2190.43,1992.87,17.91,8.87,60.65,14103.45,0.76,215313504
BRA,South America,Brazil,2021-05-16,15519525.0,437076.0,62439.43,432628.0,13514.0,1930.57,2057.13,18.0,8.91,60.65,14103.45,0.76,215313504
BRA,South America,Brazil,2021-05-17,15519525.0,0.0,62439.43,432628.0,0.0,1930.57,2057.13,18.25,9.02,60.65,14103.45,0.76,215313504
BRA,South America,Brazil,2021-05-18,15519525.0,0.0,62439.43,432628.0,0.0,1930.57,2057.13,18.53,9.15,60.65,14103.45,0.76,215313504
BRA,South America,Brazil,2021-05-19,15519525.0,0.0,62439.43,432628.0,0.0,1930.57,2057.13,18.78,9.26,60.65,14103.45,0.76,215313504
BRA,South America,Brazil,2021-05-20,15519525.0,0.0,62439.43,432628.0,0.0,1930.57,2057.13,19.08,9.39,60.65,14103.45,0.76,215313504
BRA,South America,Brazil,2021-05-21,15519525.0,0.0,62439.43,432628.0,0.0,1930.57,2057.13,19.35,9.5,60.65,14103.45,0.76,215313504
BRA,South America,Brazil,2021-05-22,15519525.0,0.0,62439.43,432628.0,0.0,1930.57,2057.13,19.45,9.56,60.65,14103.45,0.76,215313504
BRA,South America,Brazil,2021-05-23,15970949.0,451424.0,64489.14,446309.0,13681.0,1954.43,2122.18,19.73,9.66,60.65,14103.45,0.76,215313504
BRA,South America,Brazil,2021-05-24,15970949.0,0.0,64489.14,446309.0,0.0,1954.43,2122.18,19.97,9.8,60.65,14103.45,0.76,215313504
BRA,South America,Brazil,2021-05-25,15970949.0,0.0,64489.14,446309.0,0.0,1954.43,2122.18,20.22,9.94,60.65,14103.45,0.76,215313504
BRA,South America,Brazil,2021-05-26,15970949.0,0.0,64489.14,446309.0,0.0,1954.43,2122.18,20.46,10.04,60.65,14103.45,0.76,215313504
BRA,South America,Brazil,2021-05-27,15970949.0,0.0,64489.14,446309.0,0.0,1954.43,2122.18,20.68,10.14,66.2,14103.45,0.76,215313504
BRA,South America,Brazil,2021-05-28,15970949.0,0.0,64489.14,446309.0,0.0,1954.43,2122.18,21.03,10.25,66.2,14103.45,0.76,215313504
BRA,South America,Brazil,2021-05-29,15970949.0,0.0,64489.14,446309.0,0.0,1954.43,2122.18,21.18,10.29,66.2,14103.45,0.76,215313504
BRA,South America,Brazil,2021-05-30,16391930.0,420981.0,60140.14,459045.0,12736.0,1819.43,2182.74,21.22,10.31,66.2,14103.45,0.76,215313504
BRA,South America,Brazil,2021-05-31,16391930.0,0.0,60140.14,459045.0,0.0,1819.43,2182.74,21.52,10.37,66.2,14103.45,0.76,215313504
BRA,South America,Brazil,2021-06-01,16391930.0,0.0,60140.14,459045.0,0.0,1819.43,2182.74,21.8,10.47,66.2,14103.45,0.76,215313504
BRA,South America,Brazil,2021-06-02,16391930.0,0.0,60140.14,459045.0,0.0,1819.43,2182.74,22.22,10.6,66.2,14103.45,0.76,215313504
BRA,South America,Brazil,2021-06-03,16391930.0,0.0,60140.14,459045.0,0.0,1819.43,2182.74,22.44,10.65,66.2,14103.45,0.76,215313504
BRA,South America,Brazil,2021-06-04,16391930.0,0.0,60140.14,459045.0,0.0,1819.43,2182.74,22.74,10.68,66.2,14103.45,0.76,215313504
BRA,South America,Brazil,2021-06-05,16391930.0,0.0,60140.14,459045.0,0.0,1819.43,2182.74,22.99,10.73,66.2,14103.45,0.76,215313504
BRA,South America,Brazil,2021-06-06,16841408.0,449478.0,64211.14,470842.0,11797.0,1685.29,2238.84,23.08,10.74,66.2,14103.45,0.76,215313504
BRA,South America,Brazil,2021-06-07,16841408.0,0.0,64211.14,470842.0,0.0,1685.29,2238.84,23.4,10.79,60.65,14103.45,0.76,215313504
BRA,South America,Brazil,2021-06-08,16841408.0,0.0,64211.14,470842.0,0.0,1685.29,2238.84,23.92,10.88,60.65,14103.45,0.76,215313504
BRA,South America,Brazil,2021-06-09,16841408.0,0.0,64211.14,470842.0,0.0,1685.29,2238.84,24.41,10.94,60.65,14103.45,0.76,215313504
BRA,South America,Brazil,2021-06-10,16841408.0,0.0,64211.14,470842.0,0.0,1685.29,2238.84,24.88,10.99,60.65,14103.45,0.76,215313504
BRA,South America,Brazil,2021-06-11,16841408.0,0.0,64211.14,470842.0,0.0,1685.29,2238.84,25.4,11.05,60.65,14103.45,0.76,215313504
BRA,South America,Brazil,2021-06-12,16841408.0,0.0,64211.14,470842.0,0.0,1685.29,2238.84,25.68,11.07,60.65,14103.45,0.76,215313504
BRA,South America,Brazil,2021-06-13,17296118.0,454710.0,64958.57,484235.0,13393.0,1913.29,2302.52,25.83,11.08,60.65,14103.45,0.76,215313504
BRA,South America,Brazil,2021-06-14,17296118.0,0.0,64958.57,484235.0,0.0,1913.29,2302.52,26.31,11.11,60.65,14103.45,0.76,215313504
BRA,South America,Brazil,2021-06-15,17296118.0,0.0,64958.57,484235.0,0.0,1913.29,2302.52,26.9,11.16,60.65,14103.45,0.76,215313504
BRA,South America,Brazil,2021-06-16,17296118.0,0.0,64958.57,484235.0,0.0,1913.29,2302.52,27.43,11.2,60.65,14103.45,0.76,215313504
BRA,South America,Brazil,2021-06-17,17296118.0,0.0,64958.57,484235.0,0.0,1913.29,2302.52,28.42,11.26,60.65,14103.45,0.76,215313504
BRA,South America,Brazil,2021-06-18,17296118.0,0.0,64958.57,484235.0,0.0,1913.29,2302.52,29.16,11.32,60.65,14103.45,0.76,215313504
BRA,South America,Brazil,2021-06-19,17296118.0,0.0,64958.57,484235.0,0.0,1913.29,2302.52,29.57,11.36,60.65,14103.45,0.76,215313504
BRA,South America,Brazil,2021-06-20,17801462.0,505344.0,72192.0,498499.0,14264.0,2037.71,2370.35,29.77,11.37,60.65,14103.45,0.76,215313504
BRA,South America,Brazil,2021-06-21,17801462.0,0.0,72192.0,498499.0,0.0,2037.71,2370.35,30.38,11.42,60.65,14103.45,0.76,215313504
BRA,South America,Brazil,2021-06-22,17801462.0,0.0,72192.0,498499.0,0.0,2037.71,2370.35,30.97,11.49,60.65,14103.45,0.76,215313504
BRA,South America,Brazil,2021-06-23,17801462.0,0.0,72192.0,498499.0,0.0,2037.71,2370.35,31.53,11.56,60.65,14103.45,0.76,215313504
BRA,South America,Brazil,2021-06-24,17801462.0,0.0,72192.0,498499.0,0.0,2037.71,2370.35,32.1,11.71,60.65,14103.45,0.76,215313504
BRA,South America,Brazil,2021-06-25,17801462.0,0.0,72192.0,498499.0,0.0,2037.71,2370.35,32.68,11.8,60.65,14103.45,0.76,215313504
BRA,South America,Brazil,2021-06-26,17801462.0,0.0,72192.0,498499.0,0.0,2037.71,2370.35,33.02,11.85,60.65,14103.45,0.76,215313504
BRA,South America,Brazil,2021-06-27,18322760.0,521298.0,74471.14,511142.0,12643.0,1806.14,2430.46,33.12,11.88,60.65,14103.45,0.76,215313504
BRA,South America,Brazil,2021-06-28,18322760.0,0.0,74471.14,511142.0,0.0,1806.14,2430.46,33.59,12.01,60.65,14103.45,0.76,215313504
BRA,South America,Brazil,2021-06-29,18322760.0,0.0,74471.14,511142.0,0.0,1806.14,2430.46,34.34,12.24,60.65,14103.45,0.76,215313504
BRA,South America,Brazil,2021-06-30,18322760.0,0.0,74471.14,511142.0,0.0,1806.14,2430.46,34.88,12.37,60.65,14103.45,0.76,215313504
BRA,South America,Brazil,2021-07-01,18322760.0,0.0,74471.14,511142.0,0.0,1806.14,2430.46,35.43,12.52,60.65,14103.45,0.76,215313504
BRA,South America,Brazil,2021-07-02,18322760.0,0.0,74471.14,511142.0,0.0,1806.14,2430.46,36.03,12.66,60.65,14103.45,0.76,215313504
BRA,South America,Brazil,2021-07-03,18322760.0,0.0,74471.14,511142.0,0.0,1806.14,2430.46,36.32,12.73,60.65,14103.45,0.76,215313504
BRA,South America,Brazil,2021-07-04,18687469.0,364709.0,52101.29,521952.0,10810.0,1544.29,2481.86,36.46,12.77,60.65,14103.45,0.76,215313504
BRA,South America,Brazil,2021-07-05,18687469.0,0.0,52101.29,521952.0,0.0,1544.29,2481.86,37.08,12.94,60.65,14103.45,0.76,215313504
BRA,South America,Brazil,2021-07-06,18687469.0,0.0,52101.29,521952.0,0.0,1544.29,2481.86,37.69,13.15,60.65,14103.45,0.76,215313504
BRA,South America,Brazil,2021-07-07,18687469.0,0.0,52101.29,521952.0,0.0,1544.29,2481.86,38.39,13.44,56.94,14103.45,0.76,215313504
BRA,South America,Brazil,2021-07-08,18687469.0,0.0,52101.29,521952.0,0.0,1544.29,2481.86,38.99,13.72,56.94,14103.45,0.76,215313504
BRA,South America,Brazil,2021-07-09,18687469.0,0.0,52101.29,521952.0,0.0,1544.29,2481.86,39.55,13.95,56.94,14103.45,0.76,215313504
BRA,South America,Brazil,2021-07-10,18687469.0,0.0,52101.29,521952.0,0.0,1544.29,2481.86,39.91,14.11,56.94,14103.45,0.76,215313504
BRA,South America,Brazil,2021-07-11,19020499.0,333030.0,47575.71,531688.0,9736.0,1390.86,2528.16,40.07,14.19,56.94,14103.45,0.76,215313504
BRA,South America,Brazil,2021-07-12,19020499.0,0.0,47575.71,531688.0,0.0,1390.86,2528.16,40.53,14.4,56.94,14103.45,0.76,215313504
BRA,South America,Brazil,2021-07-13,19020499.0,0.0,47575.71,531688.0,0.0,1390.86,2528.16,41.05,14.66,56.94,14103.45,0.76,215313504
BRA,South America,Brazil,2021-07-14,19020499.0,0.0,47575.71,531688.0,0.0,1390.86,2528.16,41.54,14.96,56.94,14103.45,0.76,215313504
BRA,South America,Brazil,2021-07-15,19020499.0,0.0,47575.71,531688.0,0.0,1390.86,2528.16,42.14,15.25,56.94,14103.45,0.76,215313504
BRA,South America,Brazil,2021-07-16,19020499.0,0.0,47575.71,531688.0,0.0,1390.86,2528.16,42.61,15.54,56.94,14103.45,0.76,215313504
BRA,South America,Brazil,2021-07-17,19020499.0,0.0,47575.71,531688.0,0.0,1390.86,2528.16,42.93,15.71,56.94,14103.45,0.76,215313504
BRA,South America,Brazil,2021-07-18,19308109.0,287610.0,41087.14,540398.0,8710.0,1244.29,2569.57,43.02,15.74,56.94,14103.45,0.76,215313504
BRA,South America,Brazil,2021-07-19,19308109.0,0.0,41087.14,540398.0,0.0,1244.29,2569.57,43.56,15.97,56.94,14103.45,0.76,215313504
BRA,South America,Brazil,2021-07-20,19308109.0,0.0,41087.14,540398.0,0.0,1244.29,2569.57,44.17,16.28,56.94,14103.45,0.76,215313504
BRA,South America,Brazil,2021-07-21,19308109.0,0.0,41087.14,540398.0,0.0,1244.29,2569.57,44.73,16.63,56.94,14103.45,0.76,215313504
BRA,South America,Brazil,2021-07-22,19308109.0,0.0,41087.14,540398.0,0.0,1244.29,2569.57,45.25,17.03,56.94,14103.45,0.76,215313504
BRA,South America,Brazil,2021-07-23,19308109.0,0.0,41087.14,540398.0,0.0,1244.29,2569.57,45.85,17.26,56.94,14103.45,0.76,215313504
BRA,South America,Brazil,2021-07-24,19308109.0,0.0,41087.14,540398.0,0.0,1244.29,2569.57,46.16,17.4,56.94,14103.45,0.76,215313504
BRA,South America,Brazil,2021-07-25,19632443.0,324334.0,46333.43,548340.0,7942.0,1134.57,2607.34,46.26,17.46,56.94,14103.45,0.76,215313504
BRA,South America,Brazil,2021-07-26,19632443.0,0.0,46333.43,548340.0,0.0,1134.57,2607.34,46.69,17.7,56.94,14103.45,0.76,215313504
BRA,South America,Brazil,2021-07-27,19632443.0,0.0,46333.43,548340.0,0.0,1134.57,2607.34,47.15,18.0,56.94,14103.45,0.76,215313504
BRA,South America,Brazil,2021-07-28,19632443.0,0.0,46333.43,548340.0,0.0,1134.57,2607.34,47.62,18.39,56.94,14103.45,0.76,215313504
BRA,South America,Brazil,2021-07-29,19632443.0,0.0,46333.43,548340.0,0.0,1134.57,2607.34,48.01,18.75,56.94,14103.45,0.76,215313504
BRA,South America,Brazil,2021-07-30,19632443.0,0.0,46333.43,548340.0,0.0,1134.57,2607.34,48.52,19.1,56.94,14103.45,0.76,215313504
BRA,South America,Brazil,2021-07-31,19632443.0,0.0,46333.43,548340.0,0.0,1134.57,2607.34,48.8,19.28,56.94,14103.45,0.76,215313504
BRA,South America,Brazil,2021-08-01,19880273.0,247830.0,35404.29,555460.0,7120.0,1017.14,2641.19,48.9,19.32,56.94,14103.45,0.76,215313504
BRA,South America,Brazil,2021-08-02,19880273.0,0.0,35404.29,555460.0,0.0,1017.14,2641.19,49.2,19.58,56.94,14103.45,0.76,215313504
BRA,South America,Brazil,2021-08-03,19880273.0,0.0,35404.29,555460.0,0.0,1017.14,2641.19,49.76,19.89,51.39,14103.45,0.76,215313504
BRA,South America,Brazil,2021-08-04,19880273.0,0.0,35404.29,555460.0,0.0,1017.14,2641.19,50.47,20.33,51.39,14103.45,0.76,215313504
BRA,South America,Brazil,2021-08-05,19880273.0,0.0,35404.29,555460.0,0.0,1017.14,2641.19,50.97,20.63,51.39,14103.45,0.76,215313504
BRA,South America,Brazil,2021-08-06,19880273.0,0.0,35404.29,555460.0,0.0,1017.14,2641.19,51.48,20.94,51.39,14103.45,0.76,215313504
BRA,South America,Brazil,2021-08-07,19880273.0,0.0,35404.29,555460.0,0.0,1017.14,2641.19,51.71,21.08,51.39,14103.45,0.76,215313504
BRA,South America,Brazil,2021-08-08,20108746.0,228473.0,32639.0,561762.0,6302.0,900.29,2671.16,51.82,21.15,51.39,14103.45,0.76,215313504
BRA,South America,Brazil,2021-08-09,20108746.0,0.0,32639.0,561762.0,0.0,900.29,2671.16,52.24,21.44,51.39,14103.45,0.76,215313504
BRA,South America,Brazil,2021-08-10,20108746.0,0.0,32639.0,561762.0,0.0,900.29,2671.16,52.89,21.82,51.39,14103.45,0.76,215313504
BRA,South America,Brazil,2021-08-11,20108746.0,0.0,32639.0,561762.0,0.0,900.29,2671.16,53.53,22.13,51.39,14103.45,0.76,215313504
BRA,South America,Brazil,2021-08-12,20108746.0,0.0,32639.0,561762.0,0.0,900.29,2671.16,54.24,22.47,51.39,14103.45,0.76,215313504
BRA,South America,Brazil,2021-08-13,20108746.0,0.0,32639.0,561762.0,0.0,900.29,2671.16,54.89,22.83,51.39,14103.45,0.76,215313504
BRA,South America,Brazil,2021-08-14,20108746.0,0.0,32639.0,561762.0,0.0,900.29,2671.16,55.33,23.04,51.39,14103.45,0.76,215313504
BRA,South America,Brazil,2021-08-15,20319000.0,210254.0,30036.29,567862.0,6100.0,871.43,2700.16,55.5,23.09,51.39,14103.45,0.76,215313504
BRA,South America,Brazil,2021-08-16,20319000.0,0.0,30036.29,567862.0,0.0,871.43,2700.16,56.05,23.5,51.39,14103.45,0.76,215313504
BRA,South America,Brazil,2021-08-17,20319000.0,0.0,30036.29,567862.0,0.0,871.43,2700.16,56.91,24.04,51.39,14103.45,0.76,215313504
BRA,South America,Brazil,2021-08-18,20319000.0,0.0,30036.29,567862.0,0.0,871.43,2700.16,57.44,24.44,51.39,14103.45,0.76,215313504
BRA,South America,Brazil,2021-08-19,20319000.0,0.0,30036.29,567862.0,0.0,871.43,2700.16,58.13,24.93,51.39,14103.45,0.76,215313504
BRA,South America,Brazil,2021-08-20,20319000.0,0.0,30036.29,567862.0,0.0,871.43,2700.16,58.7,25.35,51.39,14103.45,0.76,215313504
BRA,South America,Brazil,2021-08-21,20319000.0,0.0,30036.29,567862.0,0.0,871.43,2700.16,59.06,25.55,51.39,14103.45,0.76,215313504
BRA,South America,Brazil,2021-08-22,20528099.0,209099.0,29871.29,573511.0,5649.0,807.0,2727.03,59.26,25.62,51.39,14103.45,0.76,215313504
BRA,South America,Brazil,2021-08-23,20528099.0,0.0,29871.29,573511.0,0.0,807.0,2727.03,59.85,26.01,51.39,14103.45,0.76,215313504
BRA,South America,Brazil,2021-08-24,20528099.0,0.0,29871.29,573511.0,0.0,807.0,2727.03,60.5,26.47,51.39,14103.45,0.76,215313504
BRA,South America,Brazil,2021-08-25,20528099.0,0.0,29871.29,573511.0,0.0,807.0,2727.03,61.07,26.86,51.39,14103.45,0.76,215313504
BRA,South America,Brazil,2021-08-26,20528099.0,0.0,29871.29,573511.0,0.0,807.0,2727.03,61.27,27.31,51.39,14103.45,0.76,215313504
BRA,South America,Brazil,2021-08-27,20528099.0,0.0,29871.29,573511.0,0.0,807.0,2727.03,61.74,27.75,51.39,14103.45,0.76,215313504
BRA,South America,Brazil,2021-08-28,20528099.0,0.0,29871.29,573511.0,0.0,807.0,2727.03,62.05,28.06,51.39,14103.45,0.76,215313504
BRA,South America,Brazil,2021-08-29,20703906.0,175807.0,25115.29,578326.0,4815.0,687.86,2749.92,62.21,28.18,51.39,14103.45,0.76,215313504
BRA,South America,Brazil,2021-08-30,20703906.0,0.0,25115.29,578326.0,0.0,687.86,2749.92,62.6,28.51,51.39,14103.45,0.76,215313504
BRA,South America,Brazil,2021-08-31,20703906.0,0.0,25115.29,578326.0,0.0,687.86,2749.92,63.22,29.12,51.39,14103.45,0.76,215313504
BRA,South America,Brazil,2021-09-01,20703906.0,0.0,25115.29,578326.0,0.0,687.86,2749.92,63.66,29.61,56.98,14103.45,0.76,215313504
BRA,South America,Brazil,2021-09-02,20703906.0,0.0,25115.29,578326.0,0.0,687.86,2749.92,64.05,30.14,56.93,14103.45,0.76,215313504
BRA,South America,Brazil,2021-09-03,20703906.0,0.0,25115.29,578326.0,0.0,687.86,2749.92,64.4,30.7,56.88,14103.45,0.76,215313504
BRA,South America,Brazil,2021-09-04,20703906.0,0.0,25115.29,578326.0,0.0,687.86,2749.92,64.58,31.01,56.85,14103.45,0.76,215313504
BRA,South America,Brazil,2021-09-05,20856060.0,152154.0,21736.29,582670.0,4344.0,620.57,2770.58,64.65,31.11,56.84,14103.45,0.76,215313504
BRA,South America,Brazil,2021-09-06,20856060.0,0.0,21736.29,582670.0,0.0,620.57,2770.58,65.01,31.44,56.81,14103.45,0.76,215313504
BRA,South America,Brazil,2021-09-07,20856060.0,0.0,21736.29,582670.0,0.0,620.57,2770.58,65.12,31.59,56.79,14103.45,0.76,215313504
BRA,South America,Brazil,2021-09-08,20856060.0,0.0,21736.29,582670.0,0.0,620.57,2770.58,65.4,32.11,56.75,14103.45,0.76,215313504
BRA,South America,Brazil,2021-09-09,20856060.0,0.0,21736.29,582670.0,0.0,620.57,2770.58,65.75,32.79,56.68,14103.45,0.76,215313504
BRA,South America,Brazil,2021-09-10,20856060.0,0.0,21736.29,582670.0,0.0,620.57,2770.58,66.13,33.52,56.62,14103.45,0.76,215313504
BRA,South America,Brazil,2021-09-11,20856060.0,0.0,21736.29,582670.0,0.0,620.57,2770.58,66.32,33.93,56.58,14103.45,0.76,215313504
BRA,South America,Brazil,2021-09-12,20974850.0,118790.0,16970.0,585846.0,3176.0,453.71,2785.68,66.41,34.07,56.57,14103.45,0.76,215313504
BRA,South America,Brazil,2021-09-13,20974850.0,0.0,16970.0,585846.0,0.0,453.71,2785.68,66.62,34.55,56.52,14103.45,0.76,215313504
BRA,South America,Brazil,2021-09-14,20974850.0,0.0,16970.0,585846.0,0.0,453.71,2785.68,66.93,35.21,56.46,14103.45,0.76,215313504
BRA,South America,Brazil,2021-09-15,20974850.0,0.0,16970.0,585846.0,0.0,453.71,2785.68,67.23,35.76,56.41,14103.45,0.76,215313504
BRA,South America,Brazil,2021-09-16,20974850.0,0.0,16970.0,585846.0,0.0,453.71,2785.68,67.45,36.22,56.37,14103.45,0.76,215313504
BRA,South America,Brazil,2021-09-17,20974850.0,0.0,16970.0,585846.0,0.0,453.71,2785.68,67.81,36.94,56.3,14103.45,0.76,215313504
BRA,South America,Brazil,2021-09-18,20974850.0,0.0,16970.0,585846.0,0.0,453.71,2785.68,67.98,37.27,56.27,14103.45,0.76,215313504
BRA,South America,Brazil,2021-09-19,21080219.0,105369.0,15052.71,589573.0,3727.0,532.43,2803.4,68.07,37.38,56.26,14103.45,0.76,215313504
BRA,South America,Brazil,2021-09-20,21080219.0,0.0,15052.71,589573.0,0.0,532.43,2803.4,68.24,37.74,56.23,14103.45,0.76,215313504
BRA,South America,Brazil,2021-09-21,21080219.0,0.0,15052.71,589573.0,0.0,532.43,2803.4,68.49,38.3,56.17,14103.45,0.76,215313504
BRA,South America,Brazil,2021-09-22,21080219.0,0.0,15052.71,589573.0,0.0,532.43,2803.4,68.72,38.85,56.12,14103.45,0.76,215313504
BRA,South America,Brazil,2021-09-23,21080219.0,0.0,15052.71,589573.0,0.0,532.43,2803.4,68.97,39.42,56.07,14103.45,0.76,215313504
BRA,South America,Brazil,2021-09-24,21080219.0,0.0,15052.71,589573.0,0.0,532.43,2803.4,69.2,40.0,56.02,14103.45,0.76,215313504
BRA,South America,Brazil,2021-09-25,21080219.0,0.0,15052.71,589573.0,0.0,532.43,2803.4,69.38,40.31,55.99,14103.45,0.76,215313504
BRA,South America,Brazil,2021-09-26,21327616.0,247397.0,35342.43,593663.0,4090.0,584.29,2822.85,69.46,40.46,55.97,14103.45,0.76,215313504
BRA,South America,Brazil,2021-09-27,21327616.0,0.0,35342.43,593663.0,0.0,584.29,2822.85,69.61,40.79,55.94,14103.45,0.76,215313504
BRA,South America,Brazil,2021-09-28,21327616.0,0.0,35342.43,593663.0,0.0,584.29,2822.85,69.84,41.38,55.89,14103.45,0.76,215313504
BRA,South America,Brazil,2021-09-29,21327616.0,0.0,35342.43,593663.0,0.0,584.29,2822.85,70.08,41.92,55.84,14103.45,0.76,215313504
BRA,South America,Brazil,2021-09-30,21327616.0,0.0,35342.43,593663.0,0.0,584.29,2822.85,70.33,42.46,55.79,14103.45,0.76,215313504
BRA,South America,Brazil,2021-10-01,21327616.0,0.0,35342.43,593663.0,0.0,584.29,2822.85,70.55,43.08,55.73,14103.45,0.76,215313504
BRA,South America,Brazil,2021-10-02,21327616.0,0.0,35342.43,593663.0,0.0,584.29,2822.85,70.67,43.4,55.7,14103.45,0.76,215313504
BRA,South America,Brazil,2021-10-03,21445651.0,118035.0,16862.14,597225.0,3562.0,508.86,2839.78,70.72,43.51,55.69,14103.45,0.76,215313504
BRA,South America,Brazil,2021-10-04,21445651.0,0.0,16862.14,597225.0,0.0,508.86,2839.78,70.84,43.81,55.66,14103.45,0.76,215313504
BRA,South America,Brazil,2021-10-05,21445651.0,0.0,16862.14,597225.0,0.0,508.86,2839.78,71.03,44.24,55.62,14103.45,0.76,215313504
BRA,South America,Brazil,2021-10-06,21445651.0,0.0,16862.14,597225.0,0.0,508.86,2839.78,71.2,44.75,55.58,14103.45,0.76,215313504
BRA,South America,Brazil,2021-10-07,21445651.0,0.0,16862.14,597225.0,0.0,508.86,2839.78,71.38,45.23,55.53,14103.45,0.76,215313504
BRA,South America,Brazil,2021-10-08,21445651.0,0.0,16862.14,597225.0,0.0,508.86,2839.78,71.53,45.73,55.49,14103.45,0.76,215313504
BRA,South America,Brazil,2021-10-09,21445651.0,0.0,16862.14,597225.0,0.0,508.86,2839.78,71.61,46.01,55.46,14103.45,0.76,215313504
BRA,South America,Brazil,2021-10-10,21550730.0,105079.0,15011.29,600425.0,3200.0,457.14,2855.0,71.66,46.22,55.44,14103.45,0.76,215313504
BRA,South America,Brazil,2021-10-11,21550730.0,0.0,15011.29,600425.0,0.0,457.14,2855.0,71.79,46.48,55.42,14103.45,0.76,215313504
BRA,South America,Brazil,2021-10-12,21550730.0,0.0,15011.29,600425.0,0.0,457.14,2855.0,71.85,46.59,55.41,14103.45,0.76,215313504
BRA,South America,Brazil,2021-10-13,21550730.0,0.0,15011.29,600425.0,0.0,457.14,2855.0,71.89,46.85,55.38,14103.45,0.76,215313504
BRA,South America,Brazil,2021-10-14,21550730.0,0.0,15011.29,600425.0,0.0,457.14,2855.0,72.23,47.5,55.32,14103.45,0.76,215313504
BRA,South America,Brazil,2021-10-15,21550730.0,0.0,15011.29,600425.0,0.0,457.14,2855.0,72.46,48.08,55.27,14103.45,0.76,215313504
BRA,South America,Brazil,2021-10-16,21550730.0,0.0,15011.29,600425.0,0.0,457.14,2855.0,72.6,48.45,55.23,14103.45,0.76,215313504
BRA,South America,Brazil,2021-10-17,21627476.0,76746.0,10963.71,602669.0,2244.0,320.57,2865.67,72.65,48.59,55.22,14103.45,0.76,215313504
BRA,South America,Brazil,2021-10-18,21627476.0,0.0,10963.71,602669.0,0.0,320.57,2865.67,72.71,48.87,45.93,14103.45,0.76,215313504
BRA,South America,Brazil,2021-10-19,21627476.0,0.0,10963.71,602669.0,0.0,320.57,2865.67,72.87,49.4,45.89,14103.45,0.76,215313504
BRA,South America,Brazil,2021-10-20,21627476.0,0.0,10963.71,602669.0,0.0,320.57,2865.67,73.07,49.97,45.83,14103.45,0.76,215313504
BRA,South America,Brazil,2021-10-21,21627476.0,0.0,10963.71,602669.0,0.0,320.57,2865.67,73.14,50.25,45.81,14103.45,0.76,215313504
BRA,South America,Brazil,2021-10-22,21627476.0,0.0,10963.71,602669.0,0.0,320.57,2865.67,73.23,50.62,45.77,14103.45,0.76,215313504
BRA,South America,Brazil,2021-10-23,21627476.0,0.0,10963.71,602669.0,0.0,320.57,2865.67,73.29,50.82,45.75,14103.45,0.76,215313504
BRA,South America,Brazil,2021-10-24,21711843.0,84367.0,12052.43,605139.0,2470.0,352.86,2877.42,73.38,51.06,45.73,14103.45,0.76,215313504
BRA,South America,Brazil,2021-10-25,21711843.0,0.0,12052.43,605139.0,0.0,352.86,2877.42,73.51,51.81,45.66,14103.45,0.76,215313504
BRA,South America,Brazil,2021-10-26,21711843.0,0.0,12052.43,605139.0,0.0,352.86,2877.42,73.67,52.29,45.62,14103.45,0.76,215313504
BRA,South America,Brazil,2021-10-27,21711843.0,0.0,12052.43,605139.0,0.0,352.86,2877.42,73.8,52.78,45.57,14103.45,0.76,215313504
BRA,South America,Brazil,2021-10-28,21711843.0,0.0,12052.43,605139.0,0.0,352.86,2877.42,73.93,53.23,45.53,14103.45,0.76,215313504
BRA,South America,Brazil,2021-10-29,21711843.0,0.0,12052.43,605139.0,0.0,352.86,2877.42,74.04,53.67,45.49,14103.45,0.76,215313504
BRA,South America,Brazil,2021-10-30,21711843.0,0.0,12052.43,605139.0,0.0,352.86,2877.42,74.09,53.83,45.48,14103.45,0.76,215313504
BRA,South America,Brazil,2021-10-31,21793401.0,81558.0,11651.14,607462.0,2323.0,331.86,2888.46,74.12,53.93,45.47,14103.45,0.76,215313504
BRA,South America,Brazil,2021-11-01,21793401.0,0.0,11651.14,607462.0,0.0,331.86,2888.46,74.14,54.01,45.46,14103.45,0.76,215313504
BRA,South America,Brazil,2021-11-02,21793401.0,0.0,11651.14,607462.0,0.0,331.86,2888.46,74.16,54.06,45.45,14103.45,0.76,215313504
BRA,South America,Brazil,2021-11-03,21793401.0,0.0,11651.14,607462.0,0.0,331.86,2888.46,74.21,54.35,45.43,14103.45,0.76,215313504
BRA,South America,Brazil,2021-11-04,21793401.0,0.0,11651.14,607462.0,0.0,331.86,2888.46,74.34,54.77,45.39,14103.45,0.76,215313504
BRA,South America,Brazil,2021-11-05,21793401.0,0.0,11651.14,607462.0,0.0,331.86,2888.46,74.47,55.38,45.33,14103.45,0.76,215313504
BRA,South America,Brazil,2021-11-06,21793401.0,0.0,11651.14,607462.0,0.0,331.86,2888.46,74.51,55.57,45.31,14103.45,0.76,215313504
BRA,South America,Brazil,2021-11-07,21862458.0,69057.0,9865.29,609060.0,1598.0,228.29,2896.06,74.64,55.69,45.3,14103.45,0.76,215313504
BRA,South America,Brazil,2021-11-08,21862458.0,0.0,9865.29,609060.0,0.0,228.29,2896.06,74.76,56.14,45.26,14103.45,0.76,215313504
BRA,South America,Brazil,2021-11-09,21862458.0,0.0,9865.29,609060.0,0.0,228.29,2896.06,74.86,56.54,45.22,14103.45,0.76,215313504
BRA,South America,Brazil,2021-11-10,21862458.0,0.0,9865.29,609060.0,0.0,228.29,2896.06,74.97,56.96,45.19,14103.45,0.76,215313504
BRA,South America,Brazil,2021-11-11,21862458.0,0.0,9865.29,609060.0,0.0,228.29,2896.06,75.1,57.4,45.14,14103.45,0.76,215313504
BRA,South America,Brazil,2021-11-12,21862458.0,0.0,9865.29,609060.0,0.0,228.29,2896.06,75.12,57.78,45.11,14103.45,0.76,215313504
BRA,South America,Brazil,2021-11-13,21862458.0,0.0,9865.29,609060.0,0.0,228.29,2896.06,75.15,58.0,45.09,14103.45,0.76,215313504
BRA,South America,Brazil,2021-11-14,21939196.0,76738.0,10962.57,610491.0,1431.0,204.43,2902.86,75.2,58.11,45.08,14103.45,0.76,215313504
BRA,South America,Brazil,2021-11-15,21939196.0,0.0,10962.57,610491.0,0.0,204.43,2902.86,75.23,58.27,45.06,14103.45,0.76,215313504
BRA,South America,Brazil,2021-11-16,21939196.0,0.0,10962.57,610491.0,0.0,204.43,2902.86,75.25,58.48,45.04,14103.45,0.76,215313504
BRA,South America,Brazil,2021-11-17,21939196.0,0.0,10962.57,610491.0,0.0,204.43,2902.86,75.36,58.97,45.0,14103.45,0.76,215313504
BRA,South America,Brazil,2021-11-18,21939196.0,0.0,10962.57,610491.0,0.0,204.43,2902.86,75.42,59.28,44.97,14103.45,0.76,215313504
BRA,South America,Brazil,2021-11-19,21939196.0,0.0,10962.57,610491.0,0.0,204.43,2902.86,75.5,59.62,44.94,14103.45,0.76,215313504
BRA,South America,Brazil,2021-11-20,21939196.0,0.0,10962.57,610491.0,0.0,204.43,2902.86,75.56,59.84,44.92,14103.45,0.76,215313504
BRA,South America,Brazil,2021-11-21,22003317.0,64121.0,9160.14,612370.0,1879.0,268.43,2911.8,75.62,60.01,44.9,14103.45,0.76,215313504
BRA,South America,Brazil,2021-11-22,22003317.0,0.0,9160.14,612370.0,0.0,268.43,2911.8,75.68,60.3,44.88,14103.45,0.76,215313504
BRA,South America,Brazil,2021-11-23,22003317.0,0.0,9160.14,612370.0,0.0,268.43,2911.8,75.75,60.62,44.85,14103.45,0.76,215313504
BRA,South America,Brazil,2021-11-24,22003317.0,0.0,9160.14,612370.0,0.0,268.43,2911.8,75.8,60.94,44.82,14103.45,0.76,215313504
BRA,South America,Brazil,2021-11-25,22003317.0,0.0,9160.14,612370.0,0.0,268.43,2911.8,75.86,61.17,44.8,14103.45,0.76,215313504
BRA,South America,Brazil,2021-11-26,22003317.0,0.0,9160.14,612370.0,0.0,268.43,2911.8,75.96,61.49,44.77,14103.45,0.76,215313504
BRA,South America,Brazil,2021-11-27,22003317.0,0.0,9160.14,612370.0,0.0,268.43,2911.8,75.99,61.62,44.75,14103.45,0.76,215313504
BRA,South America,Brazil,2021-11-28,22067630.0,64313.0,9187.57,613957.0,1587.0,226.71,2919.34,76.02,61.72,44.74,14103.45,0.76,215313504
BRA,South America,Brazil,2021-11-29,22067630.0,0.0,9187.57,613957.0,0.0,226.71,2919.34,76.03,61.78,50.3,14103.45,0.76,215313504
BRA,South America,Brazil,2021-11-30,22067630.0,0.0,9187.57,613957.0,0.0,226.71,2919.34,76.13,62.19,50.26,14103.45,0.76,215313504
BRA,South America,Brazil,2021-12-01,22067630.0,0.0,9187.57,613957.0,0.0,226.71,2919.34,76.24,62.53,50.23,14103.45,0.76,215313504
BRA,South America,Brazil,2021-12-02,22067630.0,0.0,9187.57,613957.0,0.0,226.71,2919.34,76.3,62.85,50.2,14103.45,0.76,215313504
BRA,South America,Brazil,2021-12-03,22067630.0,0.0,9187.57,613957.0,0.0,226.71,2919.34,76.38,63.37,50.15,14103.45,0.76,215313504
BRA,South America,Brazil,2021-12-04,22067630.0,0.0,9187.57,613957.0,0.0,226.71,2919.34,76.42,63.55,50.14,14103.45,0.76,215313504
BRA,South America,Brazil,2021-12-05,22129409.0,61779.0,8825.57,615400.0,1443.0,206.14,2926.21,76.44,63.58,50.13,14103.45,0.76,215313504
BRA,South America,Brazil,2021-12-06,22129409.0,0.0,8825.57,615400.0,0.0,206.14,2926.21,76.45,63.79,50.11,14103.45,0.76,215313504
BRA,South America,Brazil,2021-12-07,22129409.0,0.0,8825.57,615400.0,0.0,206.14,2926.21,76.5,64.05,50.09,14103.45,0.76,215313504
BRA,South America,Brazil,2021-12-08,22129409.0,0.0,8825.57,615400.0,0.0,206.14,2926.21,76.54,64.21,50.07,14103.45,0.76,215313504
BRA,South America,Brazil,2021-12-09,22129409.0,0.0,8825.57,615400.0,0.0,206.14,2926.21,76.59,64.52,50.05,14103.45,0.76,215313504
BRA,South America,Brazil,2021-12-10,22129409.0,0.0,8825.57,615400.0,0.0,206.14,2926.21,,64.71,50.03,14103.45,0.76,215313504
BRA,South America,Brazil,2021-12-11,22129409.0,0.0,8825.57,615400.0,0.0,206.14,2926.21,,64.74,61.57,14103.45,0.76,215313504
BRA,South America,Brazil,2021-12-12,22184824.0,55415.0,7916.43,616691.0,1291.0,184.43,2932.34,,64.75,61.57,14103.45,0.76,215313504
BRA,South America,Brazil,2021-12-13,22184824.0,0.0,7916.43,616691.0,0.0,184.43,2932.34,,64.92,61.57,14103.45,0.76,215313504
BRA,South America,Brazil,2021-12-14,22184824.0,0.0,7916.43,616691.0,0.0,184.43,2932.34,76.6,65.09,61.57,14103.45,0.76,215313504
BRA,South America,Brazil,2021-12-15,22184824.0,0.0,7916.43,616691.0,0.0,184.43,2932.34,76.7,65.44,61.57,14103.45,0.76,215313504
BRA,South America,Brazil,2021-12-16,22184824.0,0.0,7916.43,616691.0,0.0,184.43,2932.34,76.76,65.57,61.57,14103.45,0.76,215313504
BRA,South America,Brazil,2021-12-17,22184824.0,0.0,7916.43,616691.0,0.0,184.43,2932.34,76.82,65.68,61.57,14103.45,0.76,215313504
BRA,South America,Brazil,2021-12-18,22184824.0,0.0,7916.43,616691.0,0.0,184.43,2932.34,76.82,65.71,61.57,14103.45,0.76,215313504
BRA,South America,Brazil,2021-12-19,22209020.0,24196.0,3456.57,617601.0,910.0,130.0,2936.67,76.83,65.71,61.57,14103.45,0.76,215313504
BRA,South America,Brazil,2021-12-20,22209020.0,0.0,3456.57,617601.0,0.0,130.0,2936.67,76.85,65.81,61.57,14103.45,0.76,215313504
BRA,South America,Brazil,2021-12-21,22209020.0,0.0,3456.57,617601.0,0.0,130.0,2936.67,76.89,65.91,61.57,14103.45,0.76,215313504
BRA,South America,Brazil,2021-12-22,22209020.0,0.0,3456.57,617601.0,0.0,130.0,2936.67,77.02,66.13,61.57,14103.45,0.76,215313504
BRA,South America,Brazil,2021-12-23,22209020.0,0.0,3456.57,617601.0,0.0,130.0,2936.67,77.05,,61.57,14103.45,0.76,215313504
BRA,South America,Brazil,2021-12-24,22209020.0,0.0,3456.57,617601.0,0.0,130.0,2936.67,,,61.57,14103.45,0.76,215313504
BRA,South America,Brazil,2021-12-25,22209020.0,0.0,3456.57,617601.0,0.0,130.0,2936.67,,,61.57,14103.45,0.76,215313504
BRA,South America,Brazil,2021-12-26,22230737.0,21717.0,3102.43,618392.0,791.0,113.0,2940.43,,,61.57,14103.45,0.76,215313504
BRA,South America,Brazil,2021-12-27,22230737.0,0.0,3102.43,618392.0,0.0,113.0,2940.43,77.07,66.31,61.57,14103.45,0.76,215313504
BRA,South America,Brazil,2021-12-28,22230737.0,0.0,3102.43,618392.0,0.0,113.0,2940.43,77.13,66.4,61.57,14103.45,0.76,215313504
BRA,South America,Brazil,2021-12-29,22230737.0,0.0,3102.43,618392.0,0.0,113.0,2940.43,77.16,66.55,61.57,14103.45,0.76,215313504
BRA,South America,Brazil,2021-12-30,22230737.0,0.0,3102.43,618392.0,0.0,113.0,2940.43,77.18,66.6,61.57,14103.45,0.76,215313504
BRA,South America,Brazil,2021-12-31,22230737.0,0.0,3102.43,618392.0,0.0,113.0,2940.43,77.19,66.62,61.57,14103.45,0.76,215313504
BRA,South America,Brazil,2022-01-01,22230737.0,0.0,3102.43,618392.0,0.0,113.0,2940.43,77.19,66.62,47.07,14103.45,0.76,215313504
BRA,South America,Brazil,2022-01-02,22287521.0,56784.0,8112.0,619056.0,664.0,94.86,2943.59,77.19,66.63,47.07,14103.45,0.76,215313504
BRA,South America,Brazil,2022-01-03,22287521.0,0.0,8112.0,619056.0,0.0,94.86,2943.59,77.25,66.75,47.06,14103.45,0.76,215313504
BRA,South America,Brazil,2022-01-04,22287521.0,0.0,8112.0,619056.0,0.0,94.86,2943.59,77.3,66.77,47.06,14103.45,0.76,215313504
BRA,South America,Brazil,2022-01-05,22287521.0,0.0,8112.0,619056.0,0.0,94.86,2943.59,77.32,66.82,47.05,14103.45,0.76,215313504
BRA,South America,Brazil,2022-01-06,22287521.0,0.0,8112.0,619056.0,0.0,94.86,2943.59,,,47.05,14103.45,0.76,215313504
BRA,South America,Brazil,2022-01-07,22287521.0,0.0,8112.0,619056.0,0.0,94.86,2943.59,,,47.05,14103.45,0.76,215313504
BRA,South America,Brazil,2022-01-08,22287521.0,0.0,8112.0,619056.0,0.0,94.86,2943.59,,,47.05,14103.45,0.76,215313504
BRA,South America,Brazil,2022-01-09,22450222.0,162701.0,23243.0,619822.0,766.0,109.43,2947.23,77.38,67.06,47.03,14103.45,0.76,215313504
BRA,South America,Brazil,2022-01-10,22450222.0,0.0,23243.0,619822.0,0.0,109.43,2947.23,77.43,67.22,47.02,14103.45,0.76,215313504
BRA,South America,Brazil,2022-01-11,22450222.0,0.0,23243.0,619822.0,0.0,109.43,2947.23,77.45,67.28,47.01,14103.45,0.76,215313504
BRA,South America,Brazil,2022-01-12,22450222.0,0.0,23243.0,619822.0,0.0,109.43,2947.23,77.46,67.35,47.0,14103.45,0.76,215313504
BRA,South America,Brazil,2022-01-13,22450222.0,0.0,23243.0,619822.0,0.0,109.43,2947.23,77.48,67.46,46.99,14103.45,0.76,215313504
BRA,South America,Brazil,2022-01-14,22450222.0,0.0,23243.0,619822.0,0.0,109.43,2947.23,77.5,67.52,38.62,14103.45,0.76,215313504
BRA,South America,Brazil,2022-01-15,22450222.0,0.0,23243.0,619822.0,0.0,109.43,2947.23,77.52,67.56,38.62,14103.45,0.76,215313504
BRA,South America,Brazil,2022-01-16,22927203.0,476981.0,68140.14,620796.0,974.0,139.14,2951.86,77.6,67.94,38.57,14103.45,0.76,215313504
BRA,South America,Brazil,2022-01-17,22927203.0,0.0,68140.14,620796.0,0.0,139.14,2951.86,77.71,68.38,38.51,14103.45,0.76,215313504
BRA,South America,Brazil,2022-01-18,22927203.0,0.0,68140.14,620796.0,0.0,139.14,2951.86,77.74,68.52,38.49,14103.45,0.76,215313504
BRA,South America,Brazil,2022-01-19,22927203.0,0.0,68140.14,620796.0,0.0,139.14,2951.86,77.82,68.62,38.47,14103.45,0.76,215313504
BRA,South America,Brazil,2022-01-20,22927203.0,0.0,68140.14,620796.0,0.0,139.14,2951.86,77.91,68.76,38.46,14103.45,0.76,215313504
BRA,South America,Brazil,2022-01-21,22927203.0,0.0,68140.14,620796.0,0.0,139.14,2951.86,77.97,68.84,38.44,14103.45,0.76,215313504
BRA,South America,Brazil,2022-01-22,22927203.0,0.0,68140.14,620796.0,0.0,139.14,2951.86,78.03,68.99,38.42,14103.45,0.76,215313504
BRA,South America,Brazil,2022-01-23,23751782.0,824579.0,117797.0,622563.0,1767.0,252.43,2960.27,78.07,69.0,38.42,14103.45,0.76,215313504
BRA,South America,Brazil,2022-01-24,23751782.0,0.0,117797.0,622563.0,0.0,252.43,2960.27,78.18,69.17,38.4,14103.45,0.76,215313504
BRA,South America,Brazil,2022-01-25,23751782.0,0.0,117797.0,622563.0,0.0,252.43,2960.27,78.28,69.28,34.53,14103.45,0.76,215313504
BRA,South America,Brazil,2022-01-26,23751782.0,0.0,117797.0,622563.0,0.0,252.43,2960.27,78.45,69.33,34.52,14103.45,0.76,215313504
BRA,South America,Brazil,2022-01-27,23751782.0,0.0,117797.0,622563.0,0.0,252.43,2960.27,78.61,69.45,34.5,14103.45,0.76,215313504
BRA,South America,Brazil,2022-01-28,23751782.0,0.0,117797.0,622563.0,0.0,252.43,2960.27,78.78,69.53,34.49,14103.45,0.76,215313504
BRA,South America,Brazil,2022-01-29,23751782.0,0.0,117797.0,622563.0,0.0,252.43,2960.27,78.87,69.56,34.48,14103.45,0.76,215313504
BRA,South America,Brazil,2022-01-30,25034806.0,1283024.0,183289.14,625884.0,3321.0,474.43,2976.06,78.89,69.57,34.48,14103.45,0.76,215313504
BRA,South America,Brazil,2022-01-31,25034806.0,0.0,183289.14,625884.0,0.0,474.43,2976.06,79.1,69.63,34.47,14103.45,0.76,215313504
BRA,South America,Brazil,2022-02-01,25034806.0,0.0,183289.14,625884.0,0.0,474.43,2976.06,79.23,69.68,34.46,14103.45,0.76,215313504
BRA,South America,Brazil,2022-02-02,25034806.0,0.0,183289.14,625884.0,0.0,474.43,2976.06,79.38,69.79,34.44,14103.45,0.76,215313504
BRA,South America,Brazil,2022-02-03,25034806.0,0.0,183289.14,625884.0,0.0,474.43,2976.06,79.52,69.9,34.42,14103.45,0.76,215313504
BRA,South America,Brazil,2022-02-04,25034806.0,0.0,183289.14,625884.0,0.0,474.43,2976.06,79.78,69.98,34.4,14103.45,0.76,215313504
BRA,South America,Brazil,2022-02-05,25034806.0,0.0,183289.14,625884.0,0.0,474.43,2976.06,79.93,70.02,34.39,14103.45,0.76,215313504
BRA,South America,Brazil,2022-02-06,26275831.0,1241025.0,177289.29,630494.0,4610.0,658.57,2997.98,79.97,70.07,34.38,14103.45,0.76,215313504
BRA,South America,Brazil,2022-02-07,26275831.0,0.0,177289.29,630494.0,0.0,658.57,2997.98,80.19,70.13,38.08,14103.45,0.76,215313504
BRA,South America,Brazil,2022-02-08,26275831.0,0.0,177289.29,630494.0,0.0,658.57,2997.98,80.29,70.21,38.06,14103.45,0.76,215313504
BRA,South America,Brazil,2022-02-09,26275831.0,0.0,177289.29,630494.0,0.0,658.57,2997.98,80.35,70.36,38.04,14103.45,0.76,215313504
BRA,South America,Brazil,2022-02-10,26275831.0,0.0,177289.29,630494.0,0.0,658.57,2997.98,80.54,70.53,38.0,14103.45,0.76,215313504
BRA,South America,Brazil,2022-02-11,26275831.0,0.0,177289.29,630494.0,0.0,658.57,2997.98,80.77,70.64,37.98,14103.45,0.76,215313504
BRA,South America,Brazil,2022-02-12,26275831.0,0.0,177289.29,630494.0,0.0,658.57,2997.98,80.87,70.69,37.97,14103.45,0.76,215313504
BRA,South America,Brazil,2022-02-13,27285509.0,1009678.0,144239.71,637152.0,6658.0,951.14,3029.64,80.91,70.75,38.77,14103.45,0.76,215313504
BRA,South America,Brazil,2022-02-14,27285509.0,0.0,144239.71,637152.0,0.0,951.14,3029.64,81.01,70.82,38.76,14103.45,0.76,215313504
BRA,South America,Brazil,2022-02-15,27285509.0,0.0,144239.71,637152.0,0.0,951.14,3029.64,81.12,70.86,38.75,14103.45,0.76,215313504
BRA,South America,Brazil,2022-02-16,27285509.0,0.0,144239.71,637152.0,0.0,951.14,3029.64,81.25,70.94,38.73,14103.45,0.76,215313504
BRA,South America,Brazil,2022-02-17,27285509.0,0.0,144239.71,637152.0,0.0,951.14,3029.64,81.37,71.03,38.71,14103.45,0.76,215313504
BRA,South America,Brazil,2022-02-18,27285509.0,0.0,144239.71,637152.0,0.0,951.14,3029.64,81.71,71.18,38.68,14103.45,0.76,215313504
BRA,South America,Brazil,2022-02-19,27285509.0,0.0,144239.71,637152.0,0.0,951.14,3029.64,81.81,71.27,38.66,14103.45,0.76,215313504
BRA,South America,Brazil,2022-02-20,28058862.0,773353.0,110479.0,643029.0,5877.0,839.57,3057.58,81.84,71.29,38.66,14103.45,0.76,215313504
BRA,South America,Brazil,2022-02-21,28058862.0,0.0,110479.0,643029.0,0.0,839.57,3057.58,81.93,71.36,38.64,14103.45,0.76,215313504
BRA,South America,Brazil,2022-02-22,28058862.0,0.0,110479.0,643029.0,0.0,839.57,3057.58,82.03,71.42,34.92,14103.45,0.76,215313504
BRA,South America,Brazil,2022-02-23,28058862.0,0.0,110479.0,643029.0,0.0,839.57,3057.58,82.17,71.55,34.89,14103.45,0.76,215313504
BRA,South America,Brazil,2022-02-24,28058862.0,0.0,110479.0,643029.0,0.0,839.57,3057.58,82.29,71.67,34.86,14103.45,0.76,215313504
BRA,South America,Brazil,2022-02-25,28058862.0,0.0,110479.0,643029.0,0.0,839.57,3057.58,82.41,71.79,34.84,14103.45,0.76,215313504
BRA,South America,Brazil,2022-02-26,28058862.0,0.0,110479.0,643029.0,0.0,839.57,3057.58,82.46,71.83,34.83,14103.45,0.76,215313504
BRA,South America,Brazil,2022-02-27,28578647.0,519785.0,74255.0,647390.0,4361.0,623.0,3078.32,82.47,71.86,34.82,14103.45,0.76,215313504
BRA,South America,Brazil,2022-02-28,28578647.0,0.0,74255.0,647390.0,0.0,623.0,3078.32,82.55,72.01,34.79,14103.45,0.76,215313504
BRA,South America,Brazil,2022-03-01,28578647.0,0.0,74255.0,647390.0,0.0,623.0,3078.32,82.59,72.02,34.79,14103.45,0.76,215313504
BRA,South America,Brazil,2022-03-02,28578647.0,0.0,74255.0,647390.0,0.0,623.0,3078.32,,,34.79,14103.45,0.76,215313504
BRA,South America,Brazil,2022-03-03,28578647.0,0.0,74255.0,647390.0,0.0,623.0,3078.32,82.66,72.16,34.99,14103.45,0.76,215313504
BRA,South America,Brazil,2022-03-04,28578647.0,0.0,74255.0,647390.0,0.0,623.0,3078.32,82.72,72.25,34.97,14103.45,0.76,215313504
BRA,South America,Brazil,2022-03-05,28578647.0,0.0,74255.0,647390.0,0.0,623.0,3078.32,82.76,72.32,34.96,14103.45,0.76,215313504
BRA,South America,Brazil,2022-03-06,28973799.0,395152.0,56450.29,651255.0,3865.0,552.14,3096.7,82.78,72.33,34.96,14103.45,0.76,215313504
BRA,South America,Brazil,2022-03-07,28973799.0,0.0,56450.29,651255.0,0.0,552.14,3096.7,82.84,72.42,34.94,14103.45,0.76,215313504
BRA,South America,Brazil,2022-03-08,28973799.0,0.0,56450.29,651255.0,0.0,552.14,3096.7,82.9,72.51,34.93,14103.45,0.76,215313504
BRA,South America,Brazil,2022-03-09,28973799.0,0.0,56450.29,651255.0,0.0,552.14,3096.7,82.98,72.61,34.91,14103.45,0.76,215313504
BRA,South America,Brazil,2022-03-10,28973799.0,0.0,56450.29,651255.0,0.0,552.14,3096.7,83.27,73.03,34.84,14103.45,0.76,215313504
BRA,South America,Brazil,2022-03-11,28973799.0,0.0,56450.29,651255.0,0.0,552.14,3096.7,83.33,73.11,34.82,14103.45,0.76,215313504
BRA,South America,Brazil,2022-03-12,28973799.0,0.0,56450.29,651255.0,0.0,552.14,3096.7,83.47,73.21,34.81,14103.45,0.76,215313504
BRA,South America,Brazil,2022-03-13,29305114.0,331315.0,47330.71,654556.0,3301.0,471.57,3112.39,83.49,73.22,34.8,14103.45,0.76,215313504
BRA,South America,Brazil,2022-03-14,29305114.0,0.0,47330.71,654556.0,0.0,471.57,3112.39,83.53,73.3,34.79,14103.45,0.76,215313504
BRA,South America,Brazil,2022-03-15,29305114.0,0.0,47330.71,654556.0,0.0,471.57,3112.39,83.56,73.38,34.78,14103.45,0.76,215313504
BRA,South America,Brazil,2022-03-16,29305114.0,0.0,47330.71,654556.0,0.0,471.57,3112.39,83.6,73.5,34.75,14103.45,0.76,215313504
BRA,South America,Brazil,2022-03-17,29305114.0,0.0,47330.71,654556.0,0.0,471.57,3112.39,83.64,73.59,34.74,14103.45,0.76,215313504
BRA,South America,Brazil,2022-03-18,29305114.0,0.0,47330.71,654556.0,0.0,471.57,3112.39,83.72,73.7,34.72,14103.45,0.76,215313504
BRA,South America,Brazil,2022-03-19,29305114.0,0.0,47330.71,654556.0,0.0,471.57,3112.39,83.76,73.77,34.71,14103.45,0.76,215313504
BRA,South America,Brazil,2022-03-20,29573112.0,267998.0,38285.43,656798.0,2242.0,320.29,3123.05,83.77,73.78,34.7,14103.45,0.76,215313504
BRA,South America,Brazil,2022-03-21,29573112.0,0.0,38285.43,656798.0,0.0,320.29,3123.05,83.82,73.89,34.69,14103.45,0.76,215313504
BRA,South America,Brazil,2022-03-22,29573112.0,0.0,38285.43,656798.0,0.0,320.29,3123.05,83.84,73.96,34.67,14103.45,0.76,215313504
BRA,South America,Brazil,2022-03-23,29573112.0,0.0,38285.43,656798.0,0.0,320.29,3123.05,83.87,74.03,34.66,14103.45,0.76,215313504
BRA,South America,Brazil,2022-03-24,29573112.0,0.0,38285.43,656798.0,0.0,320.29,3123.05,83.9,74.08,34.65,14103.45,0.76,215313504
BRA,South America,Brazil,2022-03-25,29573112.0,0.0,38285.43,656798.0,0.0,320.29,3123.05,83.94,74.16,34.64,14103.45,0.76,215313504
BRA,South America,Brazil,2022-03-26,29573112.0,0.0,38285.43,656798.0,0.0,320.29,3123.05,83.95,74.2,34.63,14103.45,0.76,215313504
BRA,South America,Brazil,2022-03-27,29802257.0,229145.0,32735.0,658566.0,1768.0,252.57,3131.46,83.97,74.24,34.62,14103.45,0.76,215313504
BRA,South America,Brazil,2022-03-28,29802257.0,0.0,32735.0,658566.0,0.0,252.57,3131.46,84.01,74.31,34.61,14103.45,0.76,215313504
BRA,South America,Brazil,2022-03-29,29802257.0,0.0,32735.0,658566.0,0.0,252.57,3131.46,84.1,74.44,34.59,14103.45,0.76,215313504
BRA,South America,Brazil,2022-03-30,29802257.0,0.0,32735.0,658566.0,0.0,252.57,3131.46,84.14,74.55,34.57,14103.45,0.76,215313504
BRA,South America,Brazil,2022-03-31,29802257.0,0.0,32735.0,658566.0,0.0,252.57,3131.46,84.17,74.64,34.55,14103.45,0.76,215313504
BRA,South America,Brazil,2022-04-01,29802257.0,0.0,32735.0,658566.0,0.0,252.57,3131.46,,,33.16,14103.45,0.76,215313504
BRA,South America,Brazil,2022-04-02,29802257.0,0.0,32735.0,658566.0,0.0,252.57,3131.46,,,33.16,14103.45,0.76,215313504
BRA,South America,Brazil,2022-04-03,29975165.0,172908.0,24701.14,660002.0,1436.0,205.14,3138.29,84.22,74.78,33.14,14103.45,0.76,215313504
BRA,South America,Brazil,2022-04-04,29975165.0,0.0,24701.14,660002.0,0.0,205.14,3138.29,84.24,74.83,33.13,14103.45,0.76,215313504
BRA,South America,Brazil,2022-04-05,29975165.0,0.0,24701.14,660002.0,0.0,205.14,3138.29,84.27,74.91,33.12,14103.45,0.76,215313504
BRA,South America,Brazil,2022-04-06,29975165.0,0.0,24701.14,660002.0,0.0,205.14,3138.29,84.32,75.0,33.1,14103.45,0.76,215313504
BRA,South America,Brazil,2022-04-07,29975165.0,0.0,24701.14,660002.0,0.0,205.14,3138.29,84.34,75.07,33.09,14103.45,0.76,215313504
BRA,South America,Brazil,2022-04-08,29975165.0,0.0,24701.14,660002.0,0.0,205.14,3138.29,84.37,75.15,33.07,14103.45,0.76,215313504
BRA,South America,Brazil,2022-04-09,29975165.0,0.0,24701.14,660002.0,0.0,205.14,3138.29,84.38,75.18,33.07,14103.45,0.76,215313504
BRA,South America,Brazil,2022-04-10,30123963.0,148798.0,21256.86,661122.0,1120.0,160.0,3143.61,84.39,75.2,33.06,14103.45,0.76,215313504
BRA,South America,Brazil,2022-04-11,30123963.0,0.0,21256.86,661122.0,0.0,160.0,3143.61,84.41,75.28,33.05,14103.45,0.76,215313504
BRA,South America,Brazil,2022-04-12,30123963.0,0.0,21256.86,661122.0,0.0,160.0,3143.61,84.44,75.35,33.04,14103.45,0.76,215313504
BRA,South America,Brazil,2022-04-13,30123963.0,0.0,21256.86,661122.0,0.0,160.0,3143.61,84.45,75.39,33.03,14103.45,0.76,215313504
BRA,South America,Brazil,2022-04-14,30123963.0,0.0,21256.86,661122.0,0.0,160.0,3143.61,84.48,75.47,33.02,14103.45,0.76,215313504
BRA,South America,Brazil,2022-04-15,30123963.0,0.0,21256.86,661122.0,0.0,160.0,3143.61,,,29.52,14103.45,0.76,215313504
BRA,South America,Brazil,2022-04-16,30123963.0,0.0,21256.86,661122.0,0.0,160.0,3143.61,,,29.52,14103.45,0.76,215313504
BRA,South America,Brazil,2022-04-17,30247302.0,123339.0,17619.86,661907.0,785.0,112.14,3147.35,84.52,75.51,29.51,14103.45,0.76,215313504
BRA,South America,Brazil,2022-04-18,30247302.0,0.0,17619.86,661907.0,0.0,112.14,3147.35,84.53,75.56,29.5,14103.45,0.76,215313504
BRA,South America,Brazil,2022-04-19,30247302.0,0.0,17619.86,661907.0,0.0,112.14,3147.35,84.66,75.65,29.48,14103.45,0.76,215313504
BRA,South America,Brazil,2022-04-20,30247302.0,0.0,17619.86,661907.0,0.0,112.14,3147.35,84.68,75.75,29.46,14103.45,0.76,215313504
BRA,South America,Brazil,2022-04-21,30247302.0,0.0,17619.86,661907.0,0.0,112.14,3147.35,84.7,75.81,29.45,14103.45,0.76,215313504
BRA,South America,Brazil,2022-04-22,30247302.0,0.0,17619.86,661907.0,0.0,112.14,3147.35,,,29.45,14103.45,0.76,215313504
BRA,South America,Brazil,2022-04-23,30247302.0,0.0,17619.86,661907.0,0.0,112.14,3147.35,84.71,75.85,29.44,14103.45,0.76,215313504
BRA,South America,Brazil,2022-04-24,30338697.0,91395.0,13056.43,662557.0,650.0,92.86,3150.44,84.71,75.85,29.44,14103.45,0.76,215313504
BRA,South America,Brazil,2022-04-25,30338697.0,0.0,13056.43,662557.0,0.0,92.86,3150.44,84.73,75.89,29.43,14103.45,0.76,215313504
BRA,South America,Brazil,2022-04-26,30338697.0,0.0,13056.43,662557.0,0.0,92.86,3150.44,84.74,75.93,29.42,14103.45,0.76,215313504
BRA,South America,Brazil,2022-04-27,30338697.0,0.0,13056.43,662557.0,0.0,92.86,3150.44,84.77,76.02,29.4,14103.45,0.76,215313504
BRA,South America,Brazil,2022-04-28,30338697.0,0.0,13056.43,662557.0,0.0,92.86,3150.44,84.79,76.08,29.39,14103.45,0.76,215313504
BRA,South America,Brazil,2022-04-29,30338697.0,0.0,13056.43,662557.0,0.0,92.86,3150.44,84.81,76.13,29.38,14103.45,0.76,215313504
BRA,South America,Brazil,2022-04-30,30338697.0,0.0,13056.43,662557.0,0.0,92.86,3150.44,,,29.38,14103.45,0.76,215313504
BRA,South America,Brazil,2022-05-01,30433042.0,94345.0,13477.86,663410.0,853.0,121.86,3154.49,84.82,76.16,29.37,14103.45,0.76,215313504
BRA,South America,Brazil,2022-05-02,30433042.0,0.0,13477.86,663410.0,0.0,121.86,3154.49,84.84,76.22,29.36,14103.45,0.76,215313504
BRA,South America,Brazil,2022-05-03,30433042.0,0.0,13477.86,663410.0,0.0,121.86,3154.49,84.86,76.27,29.35,14103.45,0.76,215313504
BRA,South America,Brazil,2022-05-04,30433042.0,0.0,13477.86,663410.0,0.0,121.86,3154.49,84.89,76.35,29.33,14103.45,0.76,215313504
BRA,South America,Brazil,2022-05-05,30433042.0,0.0,13477.86,663410.0,0.0,121.86,3154.49,84.9,76.38,29.32,14103.45,0.76,215313504
BRA,South America,Brazil,2022-05-06,30433042.0,0.0,13477.86,663410.0,0.0,121.86,3154.49,84.92,76.43,29.31,14103.45,0.76,215313504
BRA,South America,Brazil,2022-05-07,30433042.0,0.0,13477.86,663410.0,0.0,121.86,3154.49,84.93,76.44,29.31,14103.45,0.76,215313504
BRA,South America,Brazil,2022-05-08,30543908.0,110866.0,15838.0,664091.0,681.0,97.29,3157.73,84.93,76.45,29.31,14103.45,0.76,215313504
BRA,South America,Brazil,2022-05-09,30543908.0,0.0,15838.0,664091.0,0.0,97.29,3157.73,84.94,76.47,29.3,14103.45,0.76,215313504
BRA,South America,Brazil,2022-05-10,30543908.0,0.0,15838.0,664091.0,0.0,97.29,3157.73,84.95,76.5,29.29,14103.45,0.76,215313504
BRA,South America,Brazil,2022-05-11,30543908.0,0.0,15838.0,664091.0,0.0,97.29,3157.73,85.02,76.65,29.26,14103.45,0.76,215313504
BRA,South America,Brazil,2022-05-12,30543908.0,0.0,15838.0,664091.0,0.0,97.29,3157.73,85.05,76.69,29.25,14103.45,0.76,215313504
BRA,South America,Brazil,2022-05-13,30543908.0,0.0,15838.0,664091.0,0.0,97.29,3157.73,85.05,76.71,29.25,14103.45,0.76,215313504
BRA,South America,Brazil,2022-05-14,30543908.0,0.0,15838.0,664091.0,0.0,97.29,3157.73,85.05,76.71,29.25,14103.45,0.76,215313504
BRA,South America,Brazil,2022-05-15,30664739.0,120831.0,17261.57,664780.0,689.0,98.43,3161.01,85.06,76.71,29.25,14103.45,0.76,215313504
BRA,South America,Brazil,2022-05-16,30664739.0,0.0,17261.57,664780.0,0.0,98.43,3161.01,85.06,76.72,29.25,14103.45,0.76,215313504
BRA,South America,Brazil,2022-05-17,30664739.0,0.0,17261.57,664780.0,0.0,98.43,3161.01,,,29.25,14103.45,0.76,215313504
BRA,South America,Brazil,2022-05-18,30664739.0,0.0,17261.57,664780.0,0.0,98.43,3161.01,85.09,76.82,29.22,14103.45,0.76,215313504
BRA,South America,Brazil,2022-05-19,30664739.0,0.0,17261.57,664780.0,0.0,98.43,3161.01,85.1,76.84,29.22,14103.45,0.76,215313504
BRA,South America,Brazil,2022-05-20,30664739.0,0.0,17261.57,664780.0,0.0,98.43,3161.01,85.11,76.87,29.21,14103.45,0.76,215313504
BRA,South America,Brazil,2022-05-21,30664739.0,0.0,17261.57,664780.0,0.0,98.43,3161.01,85.11,76.87,29.21,14103.45,0.76,215313504
BRA,South America,Brazil,2022-05-22,30762413.0,97674.0,13953.43,665493.0,713.0,101.86,3164.4,,,29.21,14103.45,0.76,215313504
BRA,South America,Brazil,2022-05-23,30762413.0,0.0,13953.43,665493.0,0.0,101.86,3164.4,,,29.21,14103.45,0.76,215313504
BRA,South America,Brazil,2022-05-24,30762413.0,0.0,13953.43,665493.0,0.0,101.86,3164.4,,,29.21,14103.45,0.76,215313504
BRA,South America,Brazil,2022-05-25,30762413.0,0.0,13953.43,665493.0,0.0,101.86,3164.4,,,29.21,14103.45,0.76,215313504
BRA,South America,Brazil,2022-05-26,30762413.0,0.0,13953.43,665493.0,0.0,101.86,3164.4,85.32,77.01,29.18,14103.45,0.76,215313504
BRA,South America,Brazil,2022-05-27,30762413.0,0.0,13953.43,665493.0,0.0,101.86,3164.4,85.37,77.08,29.17,14103.45,0.76,215313504
BRA,South America,Brazil,2022-05-28,30762413.0,0.0,13953.43,665493.0,0.0,101.86,3164.4,85.39,77.1,29.16,14103.45,0.76,215313504
BRA,South America,Brazil,2022-05-29,30921145.0,158732.0,22676.0,666319.0,826.0,118.0,3168.32,85.39,77.11,29.16,14103.45,0.76,215313504
BRA,South America,Brazil,2022-05-30,30921145.0,0.0,22676.0,666319.0,0.0,118.0,3168.32,85.4,77.13,29.15,14103.45,0.76,215313504
BRA,South America,Brazil,2022-05-31,30921145.0,0.0,22676.0,666319.0,0.0,118.0,3168.32,85.41,77.15,29.15,14103.45,0.76,215313504
BRA,South America,Brazil,2022-06-01,30921145.0,0.0,22676.0,666319.0,0.0,118.0,3168.32,85.42,77.17,29.15,14103.45,0.76,215313504
BRA,South America,Brazil,2022-06-02,30921145.0,0.0,22676.0,666319.0,0.0,118.0,3168.32,,,29.15,14103.45,0.76,215313504
BRA,South America,Brazil,2022-06-03,30921145.0,0.0,22676.0,666319.0,0.0,118.0,3168.32,85.47,77.27,29.12,14103.45,0.76,215313504
BRA,South America,Brazil,2022-06-04,30921145.0,0.0,22676.0,666319.0,0.0,118.0,3168.32,85.49,77.29,29.12,14103.45,0.76,215313504
BRA,South America,Brazil,2022-06-05,31137479.0,216334.0,30904.86,666971.0,652.0,93.14,3171.42,85.49,77.31,29.11,14103.45,0.76,215313504
BRA,South America,Brazil,2022-06-06,31137479.0,0.0,30904.86,666971.0,0.0,93.14,3171.42,85.5,77.33,29.11,14103.45,0.76,215313504
BRA,South America,Brazil,2022-06-07,31137479.0,0.0,30904.86,666971.0,0.0,93.14,3171.42,85.52,77.36,29.1,14103.45,0.76,215313504
BRA,South America,Brazil,2022-06-08,31137479.0,0.0,30904.86,666971.0,0.0,93.14,3171.42,85.53,77.44,29.09,14103.45,0.76,215313504
BRA,South America,Brazil,2022-06-09,31137479.0,0.0,30904.86,666971.0,0.0,93.14,3171.42,85.58,77.98,28.97,14103.45,0.76,215313504
BRA,South America,Brazil,2022-06-10,31137479.0,0.0,30904.86,666971.0,0.0,93.14,3171.42,,,28.97,14103.45,0.76,215313504
BRA,South America,Brazil,2022-06-11,31137479.0,0.0,30904.86,666971.0,0.0,93.14,3171.42,85.59,78.03,28.95,14103.45,0.76,215313504
BRA,South America,Brazil,2022-06-12,31417341.0,279862.0,39980.29,667960.0,989.0,141.29,3176.13,85.59,78.04,28.95,14103.45,0.76,215313504
BRA,South America,Brazil,2022-06-13,31417341.0,0.0,39980.29,667960.0,0.0,141.29,3176.13,85.6,78.05,27.51,14103.45,0.76,215313504
BRA,South America,Brazil,2022-06-14,31417341.0,0.0,39980.29,667960.0,0.0,141.29,3176.13,85.61,78.08,27.5,14103.45,0.76,215313504
BRA,South America,Brazil,2022-06-15,31417341.0,0.0,39980.29,667960.0,0.0,141.29,3176.13,85.61,78.09,27.5,14103.45,0.76,215313504
BRA,South America,Brazil,2022-06-16,31417341.0,0.0,39980.29,667960.0,0.0,141.29,3176.13,85.65,78.13,27.49,14103.45,0.76,215313504
BRA,South America,Brazil,2022-06-17,31417341.0,0.0,39980.29,667960.0,0.0,141.29,3176.13,85.65,78.14,27.48,14103.45,0.76,215313504
BRA,South America,Brazil,2022-06-18,31417341.0,0.0,39980.29,667960.0,0.0,141.29,3176.13,85.66,78.15,27.48,14103.45,0.76,215313504
BRA,South America,Brazil,2022-06-19,31673375.0,256034.0,36576.29,668916.0,956.0,136.57,3180.67,85.66,78.15,27.48,14103.45,0.76,215313504
BRA,South America,Brazil,2022-06-20,31673375.0,0.0,36576.29,668916.0,0.0,136.57,3180.67,85.67,78.2,27.47,14103.45,0.76,215313504
BRA,South America,Brazil,2022-06-21,31673375.0,0.0,36576.29,668916.0,0.0,136.57,3180.67,85.68,78.21,27.47,14103.45,0.76,215313504
BRA,South America,Brazil,2022-06-22,31673375.0,0.0,36576.29,668916.0,0.0,136.57,3180.67,85.69,78.25,27.46,14103.45,0.76,215313504
BRA,South America,Brazil,2022-06-23,31673375.0,0.0,36576.29,668916.0,0.0,136.57,3180.67,85.71,78.28,27.45,14103.45,0.76,215313504
BRA,South America,Brazil,2022-06-24,31673375.0,0.0,36576.29,668916.0,0.0,136.57,3180.67,85.71,78.29,27.45,14103.45,0.76,215313504
BRA,South America,Brazil,2022-06-25,31673375.0,0.0,36576.29,668916.0,0.0,136.57,3180.67,85.71,78.29,27.45,14103.45,0.76,215313504
BRA,South America,Brazil,2022-06-26,32023166.0,349791.0,49970.14,670229.0,1313.0,187.57,3186.92,85.72,78.29,27.45,14103.45,0.76,215313504
BRA,South America,Brazil,2022-06-27,32023166.0,0.0,49970.14,670229.0,0.0,187.57,3186.92,85.72,78.31,27.44,14103.45,0.76,215313504
BRA,South America,Brazil,2022-06-28,32023166.0,0.0,49970.14,670229.0,0.0,187.57,3186.92,,,27.44,14103.45,0.76,215313504
BRA,South America,Brazil,2022-06-29,32023166.0,0.0,49970.14,670229.0,0.0,187.57,3186.92,85.76,78.44,27.41,14103.45,0.76,215313504
BRA,South America,Brazil,2022-06-30,32023166.0,0.0,49970.14,670229.0,0.0,187.57,3186.92,85.77,78.45,27.41,14103.45,0.76,215313504
BRA,South America,Brazil,2022-07-01,32023166.0,0.0,49970.14,670229.0,0.0,187.57,3186.92,85.8,78.52,27.39,14103.45,0.76,215313504
BRA,South America,Brazil,2022-07-02,32023166.0,0.0,49970.14,670229.0,0.0,187.57,3186.92,85.8,78.54,27.39,14103.45,0.76,215313504
BRA,South America,Brazil,2022-07-03,32434063.0,410897.0,58699.57,671700.0,1471.0,210.14,3193.91,85.81,78.56,27.38,14103.45,0.76,215313504
BRA,South America,Brazil,2022-07-04,32434063.0,0.0,58699.57,671700.0,0.0,210.14,3193.91,85.82,78.58,27.38,14103.45,0.76,215313504
BRA,South America,Brazil,2022-07-05,32434063.0,0.0,58699.57,671700.0,0.0,210.14,3193.91,85.83,78.6,27.37,14103.45,0.76,215313504
BRA,South America,Brazil,2022-07-06,32434063.0,0.0,58699.57,671700.0,0.0,210.14,3193.91,,,27.37,14103.45,0.76,215313504
BRA,South America,Brazil,2022-07-07,32434063.0,0.0,58699.57,671700.0,0.0,210.14,3193.91,85.86,78.65,27.36,14103.45,0.76,215313504
BRA,South America,Brazil,2022-07-08,32434063.0,0.0,58699.57,671700.0,0.0,210.14,3193.91,,,27.36,14103.45,0.76,215313504
BRA,South America,Brazil,2022-07-09,32434063.0,0.0,58699.57,671700.0,0.0,210.14,3193.91,85.87,78.67,27.36,14103.45,0.76,215313504
BRA,South America,Brazil,2022-07-10,32830844.0,396781.0,56683.0,673339.0,1639.0,234.14,3201.7,85.87,78.68,27.35,14103.45,0.76,215313504
BRA,South America,Brazil,2022-07-11,32830844.0,0.0,56683.0,673339.0,0.0,234.14,3201.7,85.88,78.7,27.35,14103.45,0.76,215313504
BRA,South America,Brazil,2022-07-12,32830844.0,0.0,56683.0,673339.0,0.0,234.14,3201.7,,,27.35,14103.45,0.76,215313504
BRA,South America,Brazil,2022-07-13,32830844.0,0.0,56683.0,673339.0,0.0,234.14,3201.7,85.89,78.73,27.34,14103.45,0.76,215313504
BRA,South America,Brazil,2022-07-14,32830844.0,0.0,56683.0,673339.0,0.0,234.14,3201.7,85.9,78.77,27.33,14103.45,0.76,215313504
BRA,South America,Brazil,2022-07-15,32830844.0,0.0,56683.0,673339.0,0.0,234.14,3201.7,,,27.33,14103.45,0.76,215313504
BRA,South America,Brazil,2022-07-16,32830844.0,0.0,56683.0,673339.0,0.0,234.14,3201.7,85.91,78.8,27.32,14103.45,0.76,215313504
BRA,South America,Brazil,2022-07-17,33250117.0,419273.0,59896.14,675090.0,1751.0,250.14,3210.03,85.91,78.81,27.32,14103.45,0.76,215313504
BRA,South America,Brazil,2022-07-18,33250117.0,0.0,59896.14,675090.0,0.0,250.14,3210.03,,,27.32,14103.45,0.76,215313504
BRA,South America,Brazil,2022-07-19,33250117.0,0.0,59896.14,675090.0,0.0,250.14,3210.03,,,27.32,14103.45,0.76,215313504
BRA,South America,Brazil,2022-07-20,33250117.0,0.0,59896.14,675090.0,0.0,250.14,3210.03,,,27.32,14103.45,0.76,215313504
BRA,South America,Brazil,2022-07-21,33250117.0,0.0,59896.14,675090.0,0.0,250.14,3210.03,,,27.32,14103.45,0.76,215313504
BRA,South America,Brazil,2022-07-22,33250117.0,0.0,59896.14,675090.0,0.0,250.14,3210.03,,,27.32,14103.45,0.76,215313504
BRA,South America,Brazil,2022-07-23,33250117.0,0.0,59896.14,675090.0,0.0,250.14,3210.03,,,27.32,14103.45,0.76,215313504
BRA,South America,Brazil,2022-07-24,33505727.0,255610.0,36515.71,676486.0,1396.0,199.43,3216.67,86.02,79.03,27.27,14103.45,0.76,215313504
BRA,South America,Brazil,2022-07-25,33505727.0,0.0,36515.71,676486.0,0.0,199.43,3216.67,,,25.72,14103.45,0.76,215313504
BRA,South America,Brazil,2022-07-26,33505727.0,0.0,36515.71,676486.0,0.0,199.43,3216.67,,,25.72,14103.45,0.76,215313504
BRA,South America,Brazil,2022-07-27,33505727.0,0.0,36515.71,676486.0,0.0,199.43,3216.67,,,25.72,14103.45,0.76,215313504
BRA,South America,Brazil,2022-07-28,33505727.0,0.0,36515.71,676486.0,0.0,199.43,3216.67,,,25.72,14103.45,0.76,215313504
BRA,South America,Brazil,2022-07-29,33505727.0,0.0,36515.71,676486.0,0.0,199.43,3216.67,,,25.72,14103.45,0.76,215313504
BRA,South America,Brazil,2022-07-30,33505727.0,0.0,36515.71,676486.0,0.0,199.43,3216.67,,,25.72,14103.45,0.76,215313504
BRA,South America,Brazil,2022-07-31,33790698.0,284971.0,40710.14,678313.0,1827.0,261.0,3225.36,,,25.72,14103.45,0.76,215313504
BRA,South America,Brazil,2022-08-01,33790698.0,0.0,40710.14,678313.0,0.0,261.0,3225.36,,,25.72,14103.45,0.76,215313504
BRA,South America,Brazil,2022-08-02,33790698.0,0.0,40710.14,678313.0,0.0,261.0,3225.36,,,25.72,14103.45,0.76,215313504
BRA,South America,Brazil,2022-08-03,33790698.0,0.0,40710.14,678313.0,0.0,261.0,3225.36,,,25.72,14103.45,0.76,215313504
BRA,South America,Brazil,2022-08-04,33790698.0,0.0,40710.14,678313.0,0.0,261.0,3225.36,,,25.72,14103.45,0.76,215313504
BRA,South America,Brazil,2022-08-05,33790698.0,0.0,40710.14,678313.0,0.0,261.0,3225.36,,,23.97,14103.45,0.76,215313504
BRA,South America,Brazil,2022-08-06,33790698.0,0.0,40710.14,678313.0,0.0,261.0,3225.36,,,23.97,14103.45,0.76,215313504
BRA,South America,Brazil,2022-08-07,33994470.0,203772.0,29110.29,679758.0,1445.0,206.43,3232.23,,,23.97,14103.45,0.76,215313504
BRA,South America,Brazil,2022-08-08,33994470.0,0.0,29110.29,679758.0,0.0,206.43,3232.23,86.31,79.34,23.94,14103.45,0.76,215313504
BRA,South America,Brazil,2022-08-09,33994470.0,0.0,29110.29,679758.0,0.0,206.43,3232.23,86.32,79.39,23.94,14103.45,0.76,215313504
BRA,South America,Brazil,2022-08-10,33994470.0,0.0,29110.29,679758.0,0.0,206.43,3232.23,86.34,79.41,23.94,14103.45,0.76,215313504
BRA,South America,Brazil,2022-08-11,33994470.0,0.0,29110.29,679758.0,0.0,206.43,3232.23,86.35,79.42,23.94,14103.45,0.76,215313504
BRA,South America,Brazil,2022-08-12,33994470.0,0.0,29110.29,679758.0,0.0,206.43,3232.23,86.37,79.46,23.93,14103.45,0.76,215313504
BRA,South America,Brazil,2022-08-13,33994470.0,0.0,29110.29,679758.0,0.0,206.43,3232.23,,,23.93,14103.45,0.76,215313504
BRA,South America,Brazil,2022-08-14,34148131.0,153661.0,21951.57,681253.0,1495.0,213.57,3239.34,86.38,79.47,23.93,14103.45,0.76,215313504
BRA,South America,Brazil,2022-08-15,34148131.0,0.0,21951.57,681253.0,0.0,213.57,3239.34,86.39,79.49,23.93,14103.45,0.76,215313504
BRA,South America,Brazil,2022-08-16,34148131.0,0.0,21951.57,681253.0,0.0,213.57,3239.34,,,23.93,14103.45,0.76,215313504
BRA,South America,Brazil,2022-08-17,34148131.0,0.0,21951.57,681253.0,0.0,213.57,3239.34,,,23.93,14103.45,0.76,215313504
BRA,South America,Brazil,2022-08-18,34148131.0,0.0,21951.57,681253.0,0.0,213.57,3239.34,86.43,79.55,23.93,14103.45,0.76,215313504
BRA,South America,Brazil,2022-08-19,34148131.0,0.0,21951.57,681253.0,0.0,213.57,3239.34,86.44,79.56,23.92,14103.45,0.76,215313504
BRA,South America,Brazil,2022-08-20,34148131.0,0.0,21951.57,681253.0,0.0,213.57,3239.34,86.45,79.57,23.92,14103.45,0.76,215313504
BRA,South America,Brazil,2022-08-21,34264237.0,116106.0,16586.57,682358.0,1105.0,157.86,3244.59,86.46,79.57,23.92,14103.45,0.76,215313504
BRA,South America,Brazil,2022-08-22,34264237.0,0.0,16586.57,682358.0,0.0,157.86,3244.59,86.47,79.58,23.92,14103.45,0.76,215313504
BRA,South America,Brazil,2022-08-23,34264237.0,0.0,16586.57,682358.0,0.0,157.86,3244.59,86.53,79.59,23.92,14103.45,0.76,215313504
BRA,South America,Brazil,2022-08-24,34264237.0,0.0,16586.57,682358.0,0.0,157.86,3244.59,86.55,79.61,23.92,14103.45,0.76,215313504
BRA,South America,Brazil,2022-08-25,34264237.0,0.0,16586.57,682358.0,0.0,157.86,3244.59,86.56,79.61,23.92,14103.45,0.76,215313504
BRA,South America,Brazil,2022-08-26,34264237.0,0.0,16586.57,682358.0,0.0,157.86,3244.59,86.57,79.62,23.92,14103.45,0.76,215313504
BRA,South America,Brazil,2022-08-27,34264237.0,0.0,16586.57,682358.0,0.0,157.86,3244.59,86.57,79.63,23.92,14103.45,0.76,215313504
BRA,South America,Brazil,2022-08-28,34368909.0,104672.0,14953.14,683397.0,1039.0,148.43,3249.53,86.57,79.63,23.92,14103.45,0.76,215313504
BRA,South America,Brazil,2022-08-29,34368909.0,0.0,14953.14,683397.0,0.0,148.43,3249.53,86.61,79.7,22.22,14103.45,0.76,215313504
BRA,South America,Brazil,2022-08-30,34368909.0,0.0,14953.14,683397.0,0.0,148.43,3249.53,86.61,79.71,22.22,14103.45,0.76,215313504
BRA,South America,Brazil,2022-08-31,34368909.0,0.0,14953.14,683397.0,0.0,148.43,3249.53,86.63,79.73,22.22,14103.45,0.76,215313504
BRA,South America,Brazil,2022-09-01,34368909.0,0.0,14953.14,683397.0,0.0,148.43,3249.53,86.64,79.75,22.22,14103.45,0.76,215313504
BRA,South America,Brazil,2022-09-02,34368909.0,0.0,14953.14,683397.0,0.0,148.43,3249.53,86.65,79.75,22.22,14103.45,0.76,215313504
BRA,South America,Brazil,2022-09-03,34368909.0,0.0,14953.14,683397.0,0.0,148.43,3249.53,86.65,79.77,22.22,14103.45,0.76,215313504
BRA,South America,Brazil,2022-09-04,34456145.0,87236.0,12462.29,684262.0,865.0,123.57,3253.64,86.66,79.78,22.22,14103.45,0.76,215313504
BRA,South America,Brazil,2022-09-05,34456145.0,0.0,12462.29,684262.0,0.0,123.57,3253.64,86.66,79.78,22.22,14103.45,0.76,215313504
BRA,South America,Brazil,2022-09-06,34456145.0,0.0,12462.29,684262.0,0.0,123.57,3253.64,86.67,79.79,22.22,14103.45,0.76,215313504
BRA,South America,Brazil,2022-09-07,34456145.0,0.0,12462.29,684262.0,0.0,123.57,3253.64,86.68,79.8,22.22,14103.45,0.76,215313504
BRA,South America,Brazil,2022-09-08,34456145.0,0.0,12462.29,684262.0,0.0,123.57,3253.64,86.68,79.8,22.22,14103.45,0.76,215313504
BRA,South America,Brazil,2022-09-09,34456145.0,0.0,12462.29,684262.0,0.0,123.57,3253.64,86.69,79.82,22.22,14103.45,0.76,215313504
BRA,South America,Brazil,2022-09-10,34456145.0,0.0,12462.29,684262.0,0.0,123.57,3253.64,86.69,79.82,22.22,14103.45,0.76,215313504
BRA,South America,Brazil,2022-09-11,34516739.0,60594.0,8656.29,684813.0,551.0,78.71,3256.26,86.69,79.83,22.22,14103.45,0.76,215313504
BRA,South America,Brazil,2022-09-12,34516739.0,0.0,8656.29,684813.0,0.0,78.71,3256.26,86.7,79.83,22.22,14103.45,0.76,215313504
BRA,South America,Brazil,2022-09-13,34516739.0,0.0,8656.29,684813.0,0.0,78.71,3256.26,86.72,79.86,22.22,14103.45,0.76,215313504
BRA,South America,Brazil,2022-09-14,34516739.0,0.0,8656.29,684813.0,0.0,78.71,3256.26,86.73,79.88,22.22,14103.45,0.76,215313504
BRA,South America,Brazil,2022-09-15,34516739.0,0.0,8656.29,684813.0,0.0,78.71,3256.26,86.73,79.89,22.22,14103.45,0.76,215313504
BRA,South America,Brazil,2022-09-16,34516739.0,0.0,8656.29,684813.0,0.0,78.71,3256.26,86.74,79.9,22.22,14103.45,0.76,215313504
BRA,South America,Brazil,2022-09-17,34516739.0,0.0,8656.29,684813.0,0.0,78.71,3256.26,86.75,79.91,22.22,14103.45,0.76,215313504
BRA,South America,Brazil,2022-09-18,34579085.0,62346.0,8906.57,685300.0,487.0,69.57,3258.58,86.75,79.92,22.22,14103.45,0.76,215313504
BRA,South America,Brazil,2022-09-19,34579085.0,0.0,8906.57,685300.0,0.0,69.57,3258.58,86.75,79.92,22.22,14103.45,0.76,215313504
BRA,South America,Brazil,2022-09-20,34579085.0,0.0,8906.57,685300.0,0.0,69.57,3258.58,86.76,79.93,22.22,14103.45,0.76,215313504
BRA,South America,Brazil,2022-09-21,34579085.0,0.0,8906.57,685300.0,0.0,69.57,3258.58,86.77,79.95,22.22,14103.45,0.76,215313504
BRA,South America,Brazil,2022-09-22,34579085.0,0.0,8906.57,685300.0,0.0,69.57,3258.58,,,22.22,14103.45,0.76,215313504
BRA,South America,Brazil,2022-09-23,34579085.0,0.0,8906.57,685300.0,0.0,69.57,3258.58,86.78,79.97,22.22,14103.45,0.76,215313504
BRA,South America,Brazil,2022-09-24,34579085.0,0.0,8906.57,685300.0,0.0,69.57,3258.58,86.79,79.98,22.22,14103.45,0.76,215313504
BRA,South America,Brazil,2022-09-25,34624427.0,45342.0,6477.43,685750.0,450.0,64.29,3260.72,86.79,79.98,22.22,14103.45,0.76,215313504
BRA,South America,Brazil,2022-09-26,34624427.0,0.0,6477.43,685750.0,0.0,64.29,3260.72,86.99,79.99,22.22,14103.45,0.76,215313504
BRA,South America,Brazil,2022-09-27,34624427.0,0.0,6477.43,685750.0,0.0,64.29,3260.72,87.0,79.99,22.22,14103.45,0.76,215313504
BRA,South America,Brazil,2022-09-28,34624427.0,0.0,6477.43,685750.0,0.0,64.29,3260.72,87.0,80.01,22.22,14103.45,0.76,215313504
BRA,South America,Brazil,2022-09-29,34624427.0,0.0,6477.43,685750.0,0.0,64.29,3260.72,,,22.22,14103.45,0.76,215313504
BRA,South America,Brazil,2022-09-30,34624427.0,0.0,6477.43,685750.0,0.0,64.29,3260.72,,,22.22,14103.45,0.76,215313504
BRA,South America,Brazil,2022-10-01,34624427.0,0.0,6477.43,685750.0,0.0,64.29,3260.72,,,22.22,14103.45,0.76,215313504
BRA,South America,Brazil,2022-10-02,34672524.0,48097.0,6871.0,686036.0,286.0,40.86,3262.08,,,22.22,14103.45,0.76,215313504
BRA,South America,Brazil,2022-10-03,34672524.0,0.0,6871.0,686036.0,0.0,40.86,3262.08,,,22.22,14103.45,0.76,215313504
BRA,South America,Brazil,2022-10-04,34672524.0,0.0,6871.0,686036.0,0.0,40.86,3262.08,,,22.22,14103.45,0.76,215313504
BRA,South America,Brazil,2022-10-05,34672524.0,0.0,6871.0,686036.0,0.0,40.86,3262.08,,,22.22,14103.45,0.76,215313504
BRA,South America,Brazil,2022-10-06,34672524.0,0.0,6871.0,686036.0,0.0,40.86,3262.08,,,22.22,14103.45,0.76,215313504
BRA,South America,Brazil,2022-10-07,34672524.0,0.0,6871.0,686036.0,0.0,40.86,3262.08,87.02,80.03,22.22,14103.45,0.76,215313504
BRA,South America,Brazil,2022-10-08,34672524.0,0.0,6871.0,686036.0,0.0,40.86,3262.08,87.02,80.03,22.22,14103.45,0.76,215313504
BRA,South America,Brazil,2022-10-09,34715137.0,42613.0,6087.57,686803.0,767.0,109.57,3265.72,87.02,80.03,22.22,14103.45,0.76,215313504
BRA,South America,Brazil,2022-10-10,34715137.0,0.0,6087.57,686803.0,0.0,109.57,3265.72,87.03,80.03,22.22,14103.45,0.76,215313504
BRA,South America,Brazil,2022-10-11,34715137.0,0.0,6087.57,686803.0,0.0,109.57,3265.72,87.03,80.03,22.22,14103.45,0.76,215313504
BRA,South America,Brazil,2022-10-12,34715137.0,0.0,6087.57,686803.0,0.0,109.57,3265.72,,,22.22,14103.45,0.76,215313504
BRA,South America,Brazil,2022-10-13,34715137.0,0.0,6087.57,686803.0,0.0,109.57,3265.72,87.03,80.03,22.22,14103.45,0.76,215313504
BRA,South America,Brazil,2022-10-14,34715137.0,0.0,6087.57,686803.0,0.0,109.57,3265.72,87.03,80.03,22.22,14103.45,0.76,215313504
BRA,South America,Brazil,2022-10-15,34715137.0,0.0,6087.57,686803.0,0.0,109.57,3265.72,87.03,80.03,22.22,14103.45,0.76,215313504
BRA,South America,Brazil,2022-10-16,34746462.0,31325.0,4475.0,687144.0,341.0,48.71,3267.35,87.03,80.03,22.22,14103.45,0.76,215313504
BRA,South America,Brazil,2022-10-17,34746462.0,0.0,4475.0,687144.0,0.0,48.71,3267.35,87.03,80.03,22.22,14103.45,0.76,215313504
BRA,South America,Brazil,2022-10-18,34746462.0,0.0,4475.0,687144.0,0.0,48.71,3267.35,87.03,80.04,22.22,14103.45,0.76,215313504
BRA,South America,Brazil,2022-10-19,34746462.0,0.0,4475.0,687144.0,0.0,48.71,3267.35,87.03,80.04,22.22,14103.45,0.76,215313504
BRA,South America,Brazil,2022-10-20,34746462.0,0.0,4475.0,687144.0,0.0,48.71,3267.35,87.03,80.04,22.22,14103.45,0.76,215313504
BRA,South America,Brazil,2022-10-21,34746462.0,0.0,4475.0,687144.0,0.0,48.71,3267.35,87.03,80.04,22.22,14103.45,0.76,215313504
BRA,South America,Brazil,2022-10-22,34746462.0,0.0,4475.0,687144.0,0.0,48.71,3267.35,87.03,80.04,22.22,14103.45,0.76,215313504
BRA,South America,Brazil,2022-10-23,34780642.0,34180.0,4882.86,687527.0,383.0,54.71,3269.17,87.03,80.04,22.22,14103.45,0.76,215313504
BRA,South America,Brazil,2022-10-24,34780642.0,0.0,4882.86,687527.0,0.0,54.71,3269.17,87.03,80.04,22.22,14103.45,0.76,215313504
BRA,South America,Brazil,2022-10-25,34780642.0,0.0,4882.86,687527.0,0.0,54.71,3269.17,87.03,80.04,22.22,14103.45,0.76,215313504
BRA,South America,Brazil,2022-10-26,34780642.0,0.0,4882.86,687527.0,0.0,54.71,3269.17,87.03,80.04,22.22,14103.45,0.76,215313504
BRA,South America,Brazil,2022-10-27,34780642.0,0.0,4882.86,687527.0,0.0,54.71,3269.17,87.03,80.04,22.22,14103.45,0.76,215313504
BRA,South America,Brazil,2022-10-28,34780642.0,0.0,4882.86,687527.0,0.0,54.71,3269.17,87.03,80.04,22.22,14103.45,0.76,215313504
BRA,South America,Brazil,2022-10-29,34780642.0,0.0,4882.86,687527.0,0.0,54.71,3269.17,,,22.22,14103.45,0.76,215313504
BRA,South America,Brazil,2022-10-30,34822227.0,41585.0,5940.71,688080.0,553.0,79.0,3271.8,,,22.22,14103.45,0.76,215313504
BRA,South America,Brazil,2022-10-31,34822227.0,0.0,5940.71,688080.0,0.0,79.0,3271.8,87.03,80.04,22.22,14103.45,0.76,215313504
BRA,South America,Brazil,2022-11-01,34822227.0,0.0,5940.71,688080.0,0.0,79.0,3271.8,87.03,80.04,22.22,14103.45,0.76,215313504
BRA,South America,Brazil,2022-11-02,34822227.0,0.0,5940.71,688080.0,0.0,79.0,3271.8,87.03,80.04,22.22,14103.45,0.76,215313504
BRA,South America,Brazil,2022-11-03,34822227.0,0.0,5940.71,688080.0,0.0,79.0,3271.8,,,22.22,14103.45,0.76,215313504
BRA,South America,Brazil,2022-11-04,34822227.0,0.0,5940.71,688080.0,0.0,79.0,3271.8,87.03,80.04,22.22,14103.45,0.76,215313504
BRA,South America,Brazil,2022-11-05,34822227.0,0.0,5940.71,688080.0,0.0,79.0,3271.8,,,22.22,14103.45,0.76,215313504
BRA,South America,Brazil,2022-11-06,34849063.0,26836.0,3833.71,688332.0,252.0,36.0,3273.0,,,22.22,14103.45,0.76,215313504
BRA,South America,Brazil,2022-11-07,34849063.0,0.0,3833.71,688332.0,0.0,36.0,3273.0,,,22.22,14103.45,0.76,215313504
BRA,South America,Brazil,2022-11-08,34849063.0,0.0,3833.71,688332.0,0.0,36.0,3273.0,,,22.22,14103.45,0.76,215313504
BRA,South America,Brazil,2022-11-09,34849063.0,0.0,3833.71,688332.0,0.0,36.0,3273.0,87.04,80.04,22.22,14103.45,0.76,215313504
BRA,South America,Brazil,2022-11-10,34849063.0,0.0,3833.71,688332.0,0.0,36.0,3273.0,,,22.22,14103.45,0.76,215313504
BRA,South America,Brazil,2022-11-11,34849063.0,0.0,3833.71,688332.0,0.0,36.0,3273.0,87.04,80.05,22.22,14103.45,0.76,215313504
BRA,South America,Brazil,2022-11-12,34849063.0,0.0,3833.71,688332.0,0.0,36.0,3273.0,,,22.22,14103.45,0.76,215313504
BRA,South America,Brazil,2022-11-13,34908198.0,59135.0,8447.86,688656.0,324.0,46.29,3274.54,,,22.22,14103.45,0.76,215313504
BRA,South America,Brazil,2022-11-14,34908198.0,0.0,8447.86,688656.0,0.0,46.29,3274.54,87.04,80.05,22.22,14103.45,0.76,215313504
BRA,South America,Brazil,2022-11-15,34908198.0,0.0,8447.86,688656.0,0.0,46.29,3274.54,,,22.22,14103.45,0.76,215313504
BRA,South America,Brazil,2022-11-16,34908198.0,0.0,8447.86,688656.0,0.0,46.29,3274.54,87.17,80.2,22.22,14103.45,0.76,215313504
BRA,South America,Brazil,2022-11-17,34908198.0,0.0,8447.86,688656.0,0.0,46.29,3274.54,,,22.22,14103.45,0.76,215313504
BRA,South America,Brazil,2022-11-18,34908198.0,0.0,8447.86,688656.0,0.0,46.29,3274.54,87.17,80.2,22.22,14103.45,0.76,215313504
BRA,South America,Brazil,2022-11-19,34908198.0,0.0,8447.86,688656.0,0.0,46.29,3274.54,87.17,80.2,22.22,14103.45,0.76,215313504
BRA,South America,Brazil,2022-11-20,34999495.0,91297.0,13042.43,688907.0,251.0,35.86,3275.73,87.17,80.2,22.22,14103.45,0.76,215313504
BRA,South America,Brazil,2022-11-21,34999495.0,0.0,13042.43,688907.0,0.0,35.86,3275.73,87.17,80.2,22.22,14103.45,0.76,215313504
BRA,South America,Brazil,2022-11-22,34999495.0,0.0,13042.43,688907.0,0.0,35.86,3275.73,87.17,80.2,22.22,14103.45,0.76,215313504
BRA,South America,Brazil,2022-11-23,34999495.0,0.0,13042.43,688907.0,0.0,35.86,3275.73,87.17,80.2,22.22,14103.45,0.76,215313504
BRA,South America,Brazil,2022-11-24,34999495.0,0.0,13042.43,688907.0,0.0,35.86,3275.73,87.17,80.2,22.22,14103.45,0.76,215313504
BRA,South America,Brazil,2022-11-25,34999495.0,0.0,13042.43,688907.0,0.0,35.86,3275.73,87.17,80.2,22.22,14103.45,0.76,215313504
BRA,South America,Brazil,2022-11-26,34999495.0,0.0,13042.43,688907.0,0.0,35.86,3275.73,87.17,80.2,22.22,14103.45,0.76,215313504
BRA,South America,Brazil,2022-11-27,35149503.0,150008.0,21429.71,689442.0,535.0,76.43,3278.27,87.17,80.2,22.22,14103.45,0.76,215313504
BRA,South America,Brazil,2022-11-28,35149503.0,0.0,21429.71,689442.0,0.0,76.43,3278.27,,,22.22,14103.45,0.76,215313504
BRA,South America,Brazil,2022-11-29,35149503.0,0.0,21429.71,689442.0,0.0,76.43,3278.27,87.31,80.44,22.22,14103.45,0.76,215313504
BRA,South America,Brazil,2022-11-30,35149503.0,0.0,21429.71,689442.0,0.0,76.43,3278.27,87.34,80.88,22.22,14103.45,0.76,215313504
BRA,South America,Brazil,2022-12-01,35149503.0,0.0,21429.71,689442.0,0.0,76.43,3278.27,87.34,80.88,22.22,14103.45,0.76,215313504
BRA,South America,Brazil,2022-12-02,35149503.0,0.0,21429.71,689442.0,0.0,76.43,3278.27,,,22.22,14103.45,0.76,215313504
BRA,South America,Brazil,2022-12-03,35149503.0,0.0,21429.71,689442.0,0.0,76.43,3278.27,87.35,80.89,22.22,14103.45,0.76,215313504
BRA,South America,Brazil,2022-12-04,35337546.0,188043.0,26863.29,690074.0,632.0,90.29,3281.28,87.35,80.89,22.22,14103.45,0.76,215313504
BRA,South America,Brazil,2022-12-05,35337546.0,0.0,26863.29,690074.0,0.0,90.29,3281.28,87.35,80.89,22.22,14103.45,0.76,215313504
BRA,South America,Brazil,2022-12-06,35337546.0,0.0,26863.29,690074.0,0.0,90.29,3281.28,,,22.22,14103.45,0.76,215313504
BRA,South America,Brazil,2022-12-07,35337546.0,0.0,26863.29,690074.0,0.0,90.29,3281.28,87.36,80.9,22.22,14103.45,0.76,215313504
BRA,South America,Brazil,2022-12-08,35337546.0,0.0,26863.29,690074.0,0.0,90.29,3281.28,,,22.22,14103.45,0.76,215313504
BRA,South America,Brazil,2022-12-09,35337546.0,0.0,26863.29,690074.0,0.0,90.29,3281.28,87.37,80.9,22.22,14103.45,0.76,215313504
BRA,South America,Brazil,2022-12-10,35337546.0,0.0,26863.29,690074.0,0.0,90.29,3281.28,87.37,80.91,22.22,14103.45,0.76,215313504
BRA,South America,Brazil,2022-12-11,35531716.0,194170.0,27738.57,690677.0,603.0,86.14,3284.15,87.37,80.91,22.22,14103.45,0.76,215313504
BRA,South America,Brazil,2022-12-12,35531716.0,0.0,27738.57,690677.0,0.0,86.14,3284.15,87.37,80.91,22.22,14103.45,0.76,215313504
BRA,South America,Brazil,2022-12-13,35531716.0,0.0,27738.57,690677.0,0.0,86.14,3284.15,87.38,80.91,22.22,14103.45,0.76,215313504
BRA,South America,Brazil,2022-12-14,35531716.0,0.0,27738.57,690677.0,0.0,86.14,3284.15,,,22.22,14103.45,0.76,215313504
BRA,South America,Brazil,2022-12-15,35531716.0,0.0,27738.57,690677.0,0.0,86.14,3284.15,87.38,80.91,22.22,14103.45,0.76,215313504
BRA,South America,Brazil,2022-12-16,35531716.0,0.0,27738.57,690677.0,0.0,86.14,3284.15,87.46,81.04,22.22,14103.45,0.76,215313504
BRA,South America,Brazil,2022-12-17,35531716.0,0.0,27738.57,690677.0,0.0,86.14,3284.15,87.46,81.05,22.22,14103.45,0.76,215313504
BRA,South America,Brazil,2022-12-18,35869526.0,337810.0,48258.57,691810.0,1133.0,161.86,3289.53,87.56,81.21,22.22,14103.45,0.76,215313504
BRA,South America,Brazil,2022-12-19,35869526.0,0.0,48258.57,691810.0,0.0,161.86,3289.53,,,22.22,14103.45,0.76,215313504
BRA,South America,Brazil,2022-12-20,35869526.0,0.0,48258.57,691810.0,0.0,161.86,3289.53,87.56,81.21,22.22,14103.45,0.76,215313504
BRA,South America,Brazil,2022-12-21,35869526.0,0.0,48258.57,691810.0,0.0,161.86,3289.53,,,22.22,14103.45,0.76,215313504
BRA,South America,Brazil,2022-12-22,35869526.0,0.0,48258.57,691810.0,0.0,161.86,3289.53,87.56,81.21,22.22,14103.45,0.76,215313504
BRA,South America,Brazil,2022-12-23,35869526.0,0.0,48258.57,691810.0,0.0,161.86,3289.53,87.56,81.21,22.22,14103.45,0.76,215313504
BRA,South America,Brazil,2022-12-24,35869526.0,0.0,48258.57,691810.0,0.0,161.86,3289.53,87.57,81.22,22.22,14103.45,0.76,215313504
BRA,South America,Brazil,2022-12-25,36124337.0,254811.0,36401.57,692743.0,933.0,133.29,3293.97,87.57,81.22,22.22,14103.45,0.76,215313504
BRA,South America,Brazil,2022-12-26,36124337.0,0.0,36401.57,692743.0,0.0,133.29,3293.97,87.57,81.22,22.22,14103.45,0.76,215313504
BRA,South America,Brazil,2022-12-27,36124337.0,0.0,36401.57,692743.0,0.0,133.29,3293.97,87.57,81.22,22.22,14103.45,0.76,215313504
BRA,South America,Brazil,2022-12-28,36124337.0,0.0,36401.57,692743.0,0.0,133.29,3293.97,,,22.22,14103.45,0.76,215313504
BRA,South America,Brazil,2022-12-29,36124337.0,0.0,36401.57,692743.0,0.0,133.29,3293.97,87.57,81.22,22.22,14103.45,0.76,215313504
BRA,South America,Brazil,2022-12-30,36124337.0,0.0,36401.57,692743.0,0.0,133.29,3293.97,87.57,81.22,22.22,14103.45,0.76,215313504
BRA,South America,Brazil,2022-12-31,36124337.0,0.0,36401.57,692743.0,0.0,133.29,3293.97,87.57,81.22,22.22,14103.45,0.76,215313504
BRA,South America,Brazil,2023-01-01,36331281.0,206944.0,29563.43,693853.0,1110.0,158.57,3299.25,87.57,81.22,,14103.45,0.76,215313504
BRA,South America,Brazil,2023-01-02,36331281.0,0.0,29563.43,693853.0,0.0,158.57,3299.25,,,,14103.45,0.76,215313504
BRA,South America,Brazil,2023-01-03,36331281.0,0.0,29563.43,693853.0,0.0,158.57,3299.25,87.58,81.23,,14103.45,0.76,215313504
BRA,South America,Brazil,2023-01-04,36331281.0,0.0,29563.43,693853.0,0.0,158.57,3299.25,87.58,81.23,,14103.45,0.76,215313504
BRA,South America,Brazil,2023-01-05,36331281.0,0.0,29563.43,693853.0,0.0,158.57,3299.25,,,,14103.45,0.76,215313504
BRA,South America,Brazil,2023-01-06,36331281.0,0.0,29563.43,693853.0,0.0,158.57,3299.25,87.69,81.4,,14103.45,0.76,215313504
BRA,South America,Brazil,2023-01-07,36331281.0,0.0,29563.43,693853.0,0.0,158.57,3299.25,87.69,81.4,,14103.45,0.76,215313504
BRA,South America,Brazil,2023-01-08,36477214.0,145933.0,20847.57,694779.0,926.0,132.29,3303.65,87.7,81.41,,14103.45,0.76,215313504
BRA,South America,Brazil,2023-01-09,36477214.0,0.0,20847.57,694779.0,0.0,132.29,3303.65,87.7,81.41,,14103.45,0.76,215313504
BRA,South America,Brazil,2023-01-10,36477214.0,0.0,20847.57,694779.0,0.0,132.29,3303.65,87.7,81.41,,14103.45,0.76,215313504
BRA,South America,Brazil,2023-01-11,36477214.0,0.0,20847.57,694779.0,0.0,132.29,3303.65,87.7,81.41,,14103.45,0.76,215313504
BRA,South America,Brazil,2023-01-12,36477214.0,0.0,20847.57,694779.0,0.0,132.29,3303.65,87.7,81.41,,14103.45,0.76,215313504
BRA,South America,Brazil,2023-01-13,36477214.0,0.0,20847.57,694779.0,0.0,132.29,3303.65,87.7,81.41,,14103.45,0.76,215313504
BRA,South America,Brazil,2023-01-14,36477214.0,0.0,20847.57,694779.0,0.0,132.29,3303.65,87.7,81.41,,14103.45,0.76,215313504
BRA,South America,Brazil,2023-01-15,36597935.0,120721.0,17245.86,695236.0,457.0,65.29,3305.82,87.7,81.41,,14103.45,0.76,215313504
BRA,South America,Brazil,2023-01-16,36597935.0,0.0,17245.86,695236.0,0.0,65.29,3305.82,87.7,81.41,,14103.45,0.76,215313504
BRA,South America,Brazil,2023-01-17,36597935.0,0.0,17245.86,695236.0,0.0,65.29,3305.82,87.75,81.43,,14103.45,0.76,215313504
BRA,South America,Brazil,2023-01-18,36597935.0,0.0,17245.86,695236.0,0.0,65.29,3305.82,87.75,81.43,,14103.45,0.76,215313504
BRA,South America,Brazil,2023-01-19,36597935.0,0.0,17245.86,695236.0,0.0,65.29,3305.82,87.75,81.43,,14103.45,0.76,215313504
BRA,South America,Brazil,2023-01-20,36597935.0,0.0,17245.86,695236.0,0.0,65.29,3305.82,,,,14103.45,0.76,215313504
BRA,South America,Brazil,2023-01-21,36597935.0,0.0,17245.86,695236.0,0.0,65.29,3305.82,87.76,81.43,,14103.45,0.76,215313504
BRA,South America,Brazil,2023-01-22,36712851.0,114916.0,16416.57,696188.0,952.0,136.0,3310.35,87.76,81.43,,14103.45,0.76,215313504
BRA,South America,Brazil,2023-01-23,36712851.0,0.0,16416.57,696188.0,0.0,136.0,3310.35,,,,14103.45,0.76,215313504
BRA,South America,Brazil,2023-01-24,36712851.0,0.0,16416.57,696188.0,0.0,136.0,3310.35,87.76,81.44,,14103.45,0.76,215313504
BRA,South America,Brazil,2023-01-25,36712851.0,0.0,16416.57,696188.0,0.0,136.0,3310.35,87.8,81.51,,14103.45,0.76,215313504
BRA,South America,Brazil,2023-01-26,36712851.0,0.0,16416.57,696188.0,0.0,136.0,3310.35,87.8,81.51,,14103.45,0.76,215313504
BRA,South America,Brazil,2023-01-27,36712851.0,0.0,16416.57,696188.0,0.0,136.0,3310.35,87.8,81.51,,14103.45,0.76,215313504
BRA,South America,Brazil,2023-01-28,36712851.0,0.0,16416.57,696188.0,0.0,136.0,3310.35,87.8,81.51,,14103.45,0.76,215313504
BRA,South America,Brazil,2023-01-29,36791267.0,78416.0,11202.29,696742.0,554.0,79.14,3312.98,87.8,81.51,,14103.45,0.76,215313504
BRA,South America,Brazil,2023-01-30,36791267.0,0.0,11202.29,696742.0,0.0,79.14,3312.98,,,,14103.45,0.76,215313504
BRA,South America,Brazil,2023-01-31,36791267.0,0.0,11202.29,696742.0,0.0,79.14,3312.98,87.8,81.51,,14103.45,0.76,215313504
BRA,South America,Brazil,2023-02-01,36791267.0,0.0,11202.29,696742.0,0.0,79.14,3312.98,,,,14103.45,0.76,215313504
BRA,South America,Brazil,2023-02-02,36791267.0,0.0,11202.29,696742.0,0.0,79.14,3312.98,87.8,81.52,,14103.45,0.76,215313504
BRA,South America,Brazil,2023-02-03,36791267.0,0.0,11202.29,696742.0,0.0,79.14,3312.98,87.82,81.56,,14103.45,0.76,215313504
BRA,South America,Brazil,2023-02-04,36791267.0,0.0,11202.29,696742.0,0.0,79.14,3312.98,87.82,81.56,,14103.45,0.76,215313504
BRA,South America,Brazil,2023-02-05,36866658.0,75391.0,10770.14,697345.0,603.0,86.14,3315.85,87.82,81.56,,14103.45,0.76,215313504
BRA,South America,Brazil,2023-02-06,36866658.0,0.0,10770.14,697345.0,0.0,86.14,3315.85,,,,14103.45,0.76,215313504
BRA,South America,Brazil,2023-02-07,36866658.0,0.0,10770.14,697345.0,0.0,86.14,3315.85,87.82,81.57,,14103.45,0.76,215313504
BRA,South America,Brazil,2023-02-08,36866658.0,0.0,10770.14,697345.0,0.0,86.14,3315.85,87.82,81.57,,14103.45,0.76,215313504
BRA,South America,Brazil,2023-02-09,36866658.0,0.0,10770.14,697345.0,0.0,86.14,3315.85,,,,14103.45,0.76,215313504
BRA,South America,Brazil,2023-02-10,36866658.0,0.0,10770.14,697345.0,0.0,86.14,3315.85,,,,14103.45,0.76,215313504
BRA,South America,Brazil,2023-02-11,36866658.0,0.0,10770.14,697345.0,0.0,86.14,3315.85,87.85,81.6,,14103.45,0.76,215313504
BRA,South America,Brazil,2023-02-12,36930339.0,63681.0,9097.29,697662.0,317.0,45.29,3317.36,,,,14103.45,0.76,215313504
BRA,South America,Brazil,2023-02-13,36930339.0,0.0,9097.29,697662.0,0.0,45.29,3317.36,87.85,81.61,,14103.45,0.76,215313504
BRA,South America,Brazil,2023-02-14,36930339.0,0.0,9097.29,697662.0,0.0,45.29,3317.36,87.85,81.61,,14103.45,0.76,215313504
BRA,South America,Brazil,2023-02-15,36930339.0,0.0,9097.29,697662.0,0.0,45.29,3317.36,87.86,81.61,,14103.45,0.76,215313504
BRA,South America,Brazil,2023-02-16,36930339.0,0.0,9097.29,697662.0,0.0,45.29,3317.36,87.86,81.61,,14103.45,0.76,215313504
BRA,South America,Brazil,2023-02-17,36930339.0,0.0,9097.29,697662.0,0.0,45.29,3317.36,87.86,81.61,,14103.45,0.76,215313504
BRA,South America,Brazil,2023-02-18,36930339.0,0.0,9097.29,697662.0,0.0,45.29,3317.36,,,,14103.45,0.76,215313504
BRA,South America,Brazil,2023-02-19,36987682.0,57343.0,8191.86,698047.0,385.0,55.0,3319.19,87.86,81.61,,14103.45,0.76,215313504
BRA,South America,Brazil,2023-02-20,36987682.0,0.0,8191.86,698047.0,0.0,55.0,3319.19,87.86,81.61,,14103.45,0.76,215313504
BRA,South America,Brazil,2023-02-21,36987682.0,0.0,8191.86,698047.0,0.0,55.0,3319.19,87.92,81.66,,14103.45,0.76,215313504
BRA,South America,Brazil,2023-02-22,36987682.0,0.0,8191.86,698047.0,0.0,55.0,3319.19,,,,14103.45,0.76,215313504
BRA,South America,Brazil,2023-02-23,36987682.0,0.0,8191.86,698047.0,0.0,55.0,3319.19,,,,14103.45,0.76,215313504
BRA,South America,Brazil,2023-02-24,36987682.0,0.0,8191.86,698047.0,0.0,55.0,3319.19,87.93,81.66,,14103.45,0.76,215313504
BRA,South America,Brazil,2023-02-25,36987682.0,0.0,8191.86,698047.0,0.0,55.0,3319.19,,,,14103.45,0.76,215313504
BRA,South America,Brazil,2023-02-26,37020531.0,32849.0,4692.71,698928.0,881.0,125.86,3323.38,87.93,81.66,,14103.45,0.76,215313504
BRA,South America,Brazil,2023-02-27,37020531.0,0.0,4692.71,698928.0,0.0,125.86,3323.38,,,,14103.45,0.76,215313504
BRA,South America,Brazil,2023-02-28,37020531.0,0.0,4692.71,698928.0,0.0,125.86,3323.38,87.95,81.69,,14103.45,0.76,215313504
BRA,South America,Brazil,2023-03-01,37020531.0,0.0,4692.71,698928.0,0.0,125.86,3323.38,,,,14103.45,0.76,215313504
BRA,South America,Brazil,2023-03-02,37020531.0,0.0,4692.71,698928.0,0.0,125.86,3323.38,87.96,81.69,,14103.45,0.76,215313504
BRA,South America,Brazil,2023-03-03,37020531.0,0.0,4692.71,698928.0,0.0,125.86,3323.38,87.96,81.69,,14103.45,0.76,215313504
BRA,South America,Brazil,2023-03-04,37020531.0,0.0,4692.71,698928.0,0.0,125.86,3323.38,87.96,81.69,,14103.45,0.76,215313504
BRA,South America,Brazil,2023-03-05,37076053.0,55522.0,7931.71,699276.0,348.0,49.71,3325.03,87.96,81.69,,14103.45,0.76,215313504
BRA,South America,Brazil,2023-03-06,37076053.0,0.0,7931.71,699276.0,0.0,49.71,3325.03,,,,14103.45,0.76,215313504
BRA,South America,Brazil,2023-03-07,37076053.0,0.0,7931.71,699276.0,0.0,49.71,3325.03,87.96,81.69,,14103.45,0.76,215313504
BRA,South America,Brazil,2023-03-08,37076053.0,0.0,7931.71,699276.0,0.0,49.71,3325.03,87.96,81.7,,14103.45,0.76,215313504
BRA,South America,Brazil,2023-03-09,37076053.0,0.0,7931.71,699276.0,0.0,49.71,3325.03,,,,14103.45,0.76,215313504
BRA,South America,Brazil,2023-03-10,37076053.0,0.0,7931.71,699276.0,0.0,49.71,3325.03,87.98,81.72,,14103.45,0.76,215313504
BRA,South America,Brazil,2023-03-11,37076053.0,0.0,7931.71,699276.0,0.0,49.71,3325.03,88.04,81.77,,14103.45,0.76,215313504
BRA,South America,Brazil,2023-03-12,37085520.0,9467.0,1352.43,699310.0,34.0,4.86,3325.2,,,,14103.45,0.76,215313504
BRA,South America,Brazil,2023-03-13,37085520.0,0.0,1352.43,699310.0,0.0,4.86,3325.2,88.04,81.77,,14103.45,0.76,215313504
BRA,South America,Brazil,2023-03-14,37085520.0,0.0,1352.43,699310.0,0.0,4.86,3325.2,88.06,81.79,,14103.45,0.76,215313504
BRA,South America,Brazil,2023-03-15,37085520.0,0.0,1352.43,699310.0,0.0,4.86,3325.2,,,,14103.45,0.76,215313504
BRA,South America,Brazil,2023-03-16,37085520.0,0.0,1352.43,699310.0,0.0,4.86,3325.2,88.06,81.79,,14103.45,0.76,215313504
BRA,South America,Brazil,2023-03-17,37085520.0,0.0,1352.43,699310.0,0.0,4.86,3325.2,,,,14103.45,0.76,215313504
BRA,South America,Brazil,2023-03-18,37085520.0,0.0,1352.43,699310.0,0.0,4.86,3325.2,88.07,81.81,,14103.45,0.76,215313504
BRA,South America,Brazil,2023-03-19,37145514.0,59994.0,8570.57,699634.0,324.0,46.29,3326.74,88.07,81.81,,14103.45,0.76,215313504
BRA,South America,Brazil,2023-03-20,37145514.0,0.0,8570.57,699634.0,0.0,46.29,3326.74,,,,14103.45,0.76,215313504
BRA,South America,Brazil,2023-03-21,37145514.0,0.0,8570.57,699634.0,0.0,46.29,3326.74,88.08,81.81,,14103.45,0.76,215313504
BRA,South America,Brazil,2023-03-22,37145514.0,0.0,8570.57,699634.0,0.0,46.29,3326.74,88.08,81.82,,14103.45,0.76,215313504
BRA,South America,Brazil,2023-03-23,37145514.0,0.0,8570.57,699634.0,0.0,46.29,3326.74,,,,14103.45,0.76,215313504
BRA,South America,Brazil,2023-03-24,37145514.0,0.0,8570.57,699634.0,0.0,46.29,3326.74,,,,14103.45,0.76,215313504
BRA,South America,Brazil,2023-03-25,37145514.0,0.0,8570.57,699634.0,0.0,46.29,3326.74,,,,14103.45,0.76,215313504
BRA,South America,Brazil,2023-03-26,37204677.0,59163.0,8451.86,699917.0,283.0,40.43,3328.08,,,,14103.45,0.76,215313504
BRA,South America,Brazil,2023-03-27,37204677.0,0.0,8451.86,699917.0,0.0,40.43,3328.08,,,,14103.45,0.76,215313504
BRA,South America,Brazil,2023-03-28,37204677.0,0.0,8451.86,699917.0,0.0,40.43,3328.08,,,,14103.45,0.76,215313504
BRA,South America,Brazil,2023-03-29,37204677.0,0.0,8451.86,699917.0,0.0,40.43,3328.08,,,,14103.45,0.76,215313504
BRA,South America,Brazil,2023-03-30,37204677.0,0.0,8451.86,699917.0,0.0,40.43,3328.08,,,,14103.45,0.76,215313504
BRA,South America,Brazil,2023-03-31,37204677.0,0.0,8451.86,699917.0,0.0,40.43,3328.08,,,,14103.45,0.76,215313504
BRA,South America,Brazil,2023-04-01,37204677.0,0.0,8451.86,699917.0,0.0,40.43,3328.08,,,,14103.45,0.76,215313504
BRA,South America,Brazil,2023-04-02,37258663.0,53986.0,7712.29,700239.0,322.0,46.0,3329.61,,,,14103.45,0.76,215313504
BRA,South America,Brazil,2023-04-03,37258663.0,0.0,7712.29,700239.0,0.0,46.0,3329.61,,,,14103.45,0.76,215313504
BRA,South America,Brazil,2023-04-04,37258663.0,0.0,7712.29,700239.0,0.0,46.0,3329.61,,,,14103.45,0.76,215313504
BRA,South America,Brazil,2023-04-05,37258663.0,0.0,7712.29,700239.0,0.0,46.0,3329.61,,,,14103.45,0.76,215313504
BRA,South America,Brazil,2023-04-06,37258663.0,0.0,7712.29,700239.0,0.0,46.0,3329.61,,,,14103.45,0.76,215313504
BRA,South America,Brazil,2023-04-07,37258663.0,0.0,7712.29,700239.0,0.0,46.0,3329.61,,,,14103.45,0.76,215313504
BRA,South America,Brazil,2023-04-08,37258663.0,0.0,7712.29,700239.0,0.0,46.0,3329.61,,,,14103.45,0.76,215313504
BRA,South America,Brazil,2023-04-09,37319254.0,60591.0,8655.86,700556.0,317.0,45.29,3331.12,,,,14103.45,0.76,215313504
BRA,South America,Brazil,2023-04-10,37319254.0,0.0,8655.86,700556.0,0.0,45.29,3331.12,,,,14103.45,0.76,215313504
BRA,South America,Brazil,2023-04-11,37319254.0,0.0,8655.86,700556.0,0.0,45.29,3331.12,,,,14103.45,0.76,215313504
BRA,South America,Brazil,2023-04-12,37319254.0,0.0,8655.86,700556.0,0.0,45.29,3331.12,,,,14103.45,0.76,215313504
BRA,South America,Brazil,2023-04-13,37319254.0,0.0,8655.86,700556.0,0.0,45.29,3331.12,,,,14103.45,0.76,215313504
BRA,South America,Brazil,2023-04-14,37319254.0,0.0,8655.86,700556.0,0.0,45.29,3331.12,,,,14103.45,0.76,215313504
BRA,South America,Brazil,2023-04-15,37319254.0,0.0,8655.86,700556.0,0.0,45.29,3331.12,,,,14103.45,0.76,215313504
BRA,South America,Brazil,2023-04-16,37358092.0,38838.0,5548.29,700811.0,255.0,36.43,3332.33,,,,14103.45,0.76,215313504
BRA,South America,Brazil,2023-04-17,37358092.0,0.0,5548.29,700811.0,0.0,36.43,3332.33,,,,14103.45,0.76,215313504
BRA,South America,Brazil,2023-04-18,37358092.0,0.0,5548.29,700811.0,0.0,36.43,3332.33,,,,14103.45,0.76,215313504
BRA,South America,Brazil,2023-04-19,37358092.0,0.0,5548.29,700811.0,0.0,36.43,3332.33,,,,14103.45,0.76,215313504
BRA,South America,Brazil,2023-04-20,37358092.0,0.0,5548.29,700811.0,0.0,36.43,3332.33,,,,14103.45,0.76,215313504
BRA,South America,Brazil,2023-04-21,37358092.0,0.0,5548.29,700811.0,0.0,36.43,3332.33,,,,14103.45,0.76,215313504
BRA,South America,Brazil,2023-04-22,37358092.0,0.0,5548.29,700811.0,0.0,36.43,3332.33,,,,14103.45,0.76,215313504
BRA,South America,Brazil,2023-04-23,37407232.0,49140.0,7020.0,701215.0,404.0,57.71,3334.25,,,,14103.45,0.76,215313504
BRA,South America,Brazil,2023-04-24,37407232.0,0.0,7020.0,701215.0,0.0,57.71,3334.25,,,,14103.45,0.76,215313504
BRA,South America,Brazil,2023-04-25,37407232.0,0.0,7020.0,701215.0,0.0,57.71,3334.25,,,,14103.45,0.76,215313504
BRA,South America,Brazil,2023-04-26,37407232.0,0.0,7020.0,701215.0,0.0,57.71,3334.25,,,,14103.45,0.76,215313504
BRA,South America,Brazil,2023-04-27,37407232.0,0.0,7020.0,701215.0,0.0,57.71,3334.25,,,,14103.45,0.76,215313504
BRA,South America,Brazil,2023-04-28,37407232.0,0.0,7020.0,701215.0,0.0,57.71,3334.25,,,,14103.45,0.76,215313504
BRA,South America,Brazil,2023-04-29,37407232.0,0.0,7020.0,701215.0,0.0,57.71,3334.25,,,,14103.45,0.76,215313504
BRA,South America,Brazil,2023-04-30,37449418.0,42186.0,6026.57,701494.0,279.0,39.86,3335.58,,,,14103.45,0.76,215313504
BRA,South America,Brazil,2023-05-01,37449418.0,0.0,6026.57,701494.0,0.0,39.86,3335.58,,,,14103.45,0.76,215313504
BRA,South America,Brazil,2023-05-02,37449418.0,0.0,6026.57,701494.0,0.0,39.86,3335.58,,,,14103.45,0.76,215313504
BRA,South America,Brazil,2023-05-03,37449418.0,0.0,6026.57,701494.0,0.0,39.86,3335.58,,,,14103.45,0.76,215313504
BRA,South America,Brazil,2023-05-04,37449418.0,0.0,6026.57,701494.0,0.0,39.86,3335.58,,,,14103.45,0.76,215313504
BRA,South America,Brazil,2023-05-05,37449418.0,0.0,6026.57,701494.0,0.0,39.86,3335.58,,,,14103.45,0.76,215313504
BRA,South America,Brazil,2023-05-06,37449418.0,0.0,6026.57,701494.0,0.0,39.86,3335.58,,,,14103.45,0.76,215313504
BRA,South America,Brazil,2023-05-07,37487971.0,38553.0,5507.57,701833.0,339.0,48.43,3337.19,,,,14103.45,0.76,215313504
BRA,South America,Brazil,2023-05-08,37487971.0,0.0,5507.57,701833.0,0.0,48.43,3337.19,,,,14103.45,0.76,215313504
BRA,South America,Brazil,2023-05-09,37487971.0,0.0,5507.57,701833.0,0.0,48.43,3337.19,,,,14103.45,0.76,215313504
BRA,South America,Brazil,2023-05-10,37487971.0,0.0,5507.57,701833.0,0.0,48.43,3337.19,,,,14103.45,0.76,215313504
BRA,South America,Brazil,2023-05-11,37487971.0,0.0,5507.57,701833.0,0.0,48.43,3337.19,,,,14103.45,0.76,215313504
BRA,South America,Brazil,2023-05-12,37487971.0,0.0,5507.57,701833.0,0.0,48.43,3337.19,,,,14103.45,0.76,215313504
BRA,South America,Brazil,2023-05-13,37487971.0,0.0,5507.57,701833.0,0.0,48.43,3337.19,,,,14103.45,0.76,215313504
BRA,South America,Brazil,2023-05-14,37511921.0,23950.0,3421.43,702116.0,283.0,40.43,3338.54,,,,14103.45,0.76,215313504
BRA,South America,Brazil,2023-05-15,37511921.0,0.0,3421.43,702116.0,0.0,40.43,3338.54,,,,14103.45,0.76,215313504
BRA,South America,Brazil,2023-05-16,37511921.0,0.0,3421.43,702116.0,0.0,40.43,3338.54,,,,14103.45,0.76,215313504
BRA,South America,Brazil,2023-05-17,37511921.0,0.0,3421.43,702116.0,0.0,40.43,3338.54,,,,14103.45,0.76,215313504
BRA,South America,Brazil,2023-05-18,37511921.0,0.0,3421.43,702116.0,0.0,40.43,3338.54,,,,14103.45,0.76,215313504
BRA,South America,Brazil,2023-05-19,37511921.0,0.0,3421.43,702116.0,0.0,40.43,3338.54,,,,14103.45,0.76,215313504
BRA,South America,Brazil,2023-05-20,37511921.0,0.0,3421.43,702116.0,0.0,40.43,3338.54,,,,14103.45,0.76,215313504
BRA,South America,Brazil,2023-05-21,37511921.0,0.0,0.0,702116.0,0.0,0.0,3338.54,,,,14103.45,0.76,215313504
BRA,South America,Brazil,2023-05-22,37511921.0,0.0,0.0,702116.0,0.0,0.0,3338.54,,,,14103.45,0.76,215313504
BRA,South America,Brazil,2023-05-23,37511921.0,0.0,0.0,702116.0,0.0,0.0,3338.54,,,,14103.45,0.76,215313504
BRA,South America,Brazil,2023-05-24,37511921.0,0.0,0.0,702116.0,0.0,0.0,3338.54,,,,14103.45,0.76,215313504
BRA,South America,Brazil,2023-05-25,37511921.0,0.0,0.0,702116.0,0.0,0.0,3338.54,,,,14103.45,0.76,215313504
BRA,South America,Brazil,2023-05-26,37511921.0,0.0,0.0,702116.0,0.0,0.0,3338.54,,,,14103.45,0.76,215313504
BRA,South America,Brazil,2023-05-27,37511921.0,0.0,0.0,702116.0,0.0,0.0,3338.54,,,,14103.45,0.76,215313504
BRA,South America,Brazil,2023-05-28,37511921.0,0.0,0.0,702116.0,0.0,0.0,3338.54,,,,14103.45,0.76,215313504
BRA,South America,Brazil,2023-05-29,37511921.0,0.0,0.0,702116.0,0.0,0.0,3338.54,,,,14103.45,0.76,215313504
BRA,South America,Brazil,2023-05-30,37511921.0,0.0,0.0,702116.0,0.0,0.0,3338.54,,,,14103.45,0.76,215313504
BRA,South America,Brazil,2023-05-31,37511921.0,0.0,0.0,702116.0,0.0,0.0,3338.54,,,,14103.45,0.76,215313504
BRA,South America,Brazil,2023-06-01,37511921.0,0.0,0.0,702116.0,0.0,0.0,3338.54,,,,14103.45,0.76,215313504
BRA,South America,Brazil,2023-06-02,37511921.0,0.0,0.0,702116.0,0.0,0.0,3338.54,,,,14103.45,0.76,215313504
BRA,South America,Brazil,2023-06-03,37511921.0,0.0,0.0,702116.0,0.0,0.0,3338.54,,,,14103.45,0.76,215313504
BRA,South America,Brazil,2023-06-04,37511921.0,0.0,0.0,702116.0,0.0,0.0,3338.54,,,,14103.45,0.76,215313504
BRA,South America,Brazil,2023-06-05,37511921.0,0.0,0.0,702116.0,0.0,0.0,3338.54,,,,14103.45,0.76,215313504
BRA,South America,Brazil,2023-06-06,37511921.0,0.0,0.0,702116.0,0.0,0.0,3338.54,,,,14103.45,0.76,215313504
BRA,South America,Brazil,2023-06-07,37511921.0,0.0,0.0,702116.0,0.0,0.0,3338.54,,,,14103.45,0.76,215313504
BRA,South America,Brazil,2023-06-08,37511921.0,0.0,0.0,702116.0,0.0,0.0,3338.54,,,,14103.45,0.76,215313504
BRA,South America,Brazil,2023-06-09,37511921.0,0.0,0.0,702116.0,0.0,0.0,3338.54,,,,14103.45,0.76,215313504
BRA,South America,Brazil,2023-06-10,37511921.0,0.0,0.0,702116.0,0.0,0.0,3338.54,,,,14103.45,0.76,215313504
BRA,South America,Brazil,2023-06-11,37511921.0,0.0,0.0,702116.0,0.0,0.0,3338.54,,,,14103.45,0.76,215313504
BRA,South America,Brazil,2023-06-12,37511921.0,0.0,0.0,702116.0,0.0,0.0,3338.54,,,,14103.45,0.76,215313504
BRA,South America,Brazil,2023-06-13,37511921.0,0.0,0.0,702116.0,0.0,0.0,3338.54,,,,14103.45,0.76,215313504
BRA,South America,Brazil,2023-06-14,37511921.0,0.0,0.0,702116.0,0.0,0.0,3338.54,,,,14103.45,0.76,215313504
BRA,South America,Brazil,2023-06-15,37511921.0,0.0,0.0,702116.0,0.0,0.0,3338.54,,,,14103.45,0.76,215313504
BRA,South America,Brazil,2023-06-16,37511921.0,0.0,0.0,702116.0,0.0,0.0,3338.54,,,,14103.45,0.76,215313504
BRA,South America,Brazil,2023-06-17,37511921.0,0.0,0.0,702116.0,0.0,0.0,3338.54,,,,14103.45,0.76,215313504
BRA,South America,Brazil,2023-06-18,37511921.0,0.0,0.0,702116.0,0.0,0.0,3338.54,,,,14103.45,0.76,215313504
BRA,South America,Brazil,2023-06-19,37511921.0,0.0,0.0,702116.0,0.0,0.0,3338.54,,,,14103.45,0.76,215313504
BRA,South America,Brazil,2023-06-20,37511921.0,0.0,0.0,702116.0,0.0,0.0,3338.54,,,,14103.45,0.76,215313504
BRA,South America,Brazil,2023-06-21,37511921.0,0.0,0.0,702116.0,0.0,0.0,3338.54,,,,14103.45,0.76,215313504
BRA,South America,Brazil,2023-06-22,37511921.0,0.0,0.0,702116.0,0.0,0.0,3338.54,,,,14103.45,0.76,215313504
BRA,South America,Brazil,2023-06-23,37511921.0,0.0,0.0,702116.0,0.0,0.0,3338.54,,,,14103.45,0.76,215313504
BRA,South America,Brazil,2023-06-24,37511921.0,0.0,0.0,702116.0,0.0,0.0,3338.54,,,,14103.45,0.76,215313504
BRA,South America,Brazil,2023-06-25,37511921.0,0.0,0.0,702116.0,0.0,0.0,3338.54,,,,14103.45,0.76,215313504
BRA,South America,Brazil,2023-06-26,37511921.0,0.0,0.0,702116.0,0.0,0.0,3338.54,,,,14103.45,0.76,215313504
BRA,South America,Brazil,2023-06-27,37511921.0,0.0,0.0,702116.0,0.0,0.0,3338.54,,,,14103.45,0.76,215313504
BRA,South America,Brazil,2023-06-28,37511921.0,0.0,0.0,702116.0,0.0,0.0,3338.54,,,,14103.45,0.76,215313504
BRA,South America,Brazil,2023-06-29,37511921.0,0.0,0.0,702116.0,0.0,0.0,3338.54,,,,14103.45,0.76,215313504
BRA,South America,Brazil,2023-06-30,37511921.0,0.0,0.0,702116.0,0.0,0.0,3338.54,,,,14103.45,0.76,215313504
BRA,South America,Brazil,2023-07-01,37511921.0,0.0,0.0,702116.0,0.0,0.0,3338.54,,,,14103.45,0.76,215313504
BRA,South America,Brazil,2023-07-02,37511921.0,0.0,0.0,702116.0,0.0,0.0,3338.54,,,,14103.45,0.76,215313504
BRA,South America,Brazil,2023-07-03,37511921.0,0.0,0.0,702116.0,0.0,0.0,3338.54,,,,14103.45,0.76,215313504
BRA,South America,Brazil,2023-07-04,37511921.0,0.0,0.0,702116.0,0.0,0.0,3338.54,,,,14103.45,0.76,215313504
BRA,South America,Brazil,2023-07-05,37511921.0,0.0,0.0,702116.0,0.0,0.0,3338.54,,,,14103.45,0.76,215313504
BRA,South America,Brazil,2023-07-06,37511921.0,0.0,0.0,702116.0,0.0,0.0,3338.54,,,,14103.45,0.76,215313504
BRA,South America,Brazil,2023-07-07,37511921.0,0.0,0.0,702116.0,0.0,0.0,3338.54,,,,14103.45,0.76,215313504
BRA,South America,Brazil,2023-07-08,37511921.0,0.0,0.0,702116.0,0.0,0.0,3338.54,,,,14103.45,0.76,215313504
BRA,South America,Brazil,2023-07-09,37511921.0,0.0,0.0,702116.0,0.0,0.0,3338.54,,,,14103.45,0.76,215313504
BRA,South America,Brazil,2023-07-10,37511921.0,0.0,0.0,702116.0,0.0,0.0,3338.54,,,,14103.45,0.76,215313504
BRA,South America,Brazil,2023-07-11,37511921.0,0.0,0.0,702116.0,0.0,0.0,3338.54,,,,14103.45,0.76,215313504
BRA,South America,Brazil,2023-07-12,37511921.0,0.0,0.0,702116.0,0.0,0.0,3338.54,,,,14103.45,0.76,215313504
BRA,South America,Brazil,2023-07-13,37511921.0,0.0,0.0,702116.0,0.0,0.0,3338.54,,,,14103.45,0.76,215313504
BRA,South America,Brazil,2023-07-14,37511921.0,0.0,0.0,702116.0,0.0,0.0,3338.54,,,,14103.45,0.76,215313504
BRA,South America,Brazil,2023-07-15,37511921.0,0.0,0.0,702116.0,0.0,0.0,3338.54,,,,14103.45,0.76,215313504
BRA,South America,Brazil,2023-07-16,37511921.0,0.0,0.0,702116.0,0.0,0.0,3338.54,,,,14103.45,0.76,215313504
BRA,South America,Brazil,2023-07-17,37511921.0,0.0,0.0,702116.0,0.0,0.0,3338.54,,,,14103.45,0.76,215313504
BRA,South America,Brazil,2023-07-18,37511921.0,0.0,0.0,702116.0,0.0,0.0,3338.54,,,,14103.45,0.76,215313504
BRA,South America,Brazil,2023-07-19,37511921.0,0.0,0.0,702116.0,0.0,0.0,3338.54,,,,14103.45,0.76,215313504
BRA,South America,Brazil,2023-07-20,37511921.0,0.0,0.0,702116.0,0.0,0.0,3338.54,,,,14103.45,0.76,215313504
BRA,South America,Brazil,2023-07-21,37511921.0,0.0,0.0,702116.0,0.0,0.0,3338.54,,,,14103.45,0.76,215313504
BRA,South America,Brazil,2023-07-22,37511921.0,0.0,0.0,702116.0,0.0,0.0,3338.54,,,,14103.45,0.76,215313504
BRA,South America,Brazil,2023-07-23,37511921.0,0.0,0.0,702116.0,0.0,0.0,3338.54,,,,14103.45,0.76,215313504
BRA,South America,Brazil,2023-07-24,37511921.0,0.0,0.0,702116.0,0.0,0.0,3338.54,,,,14103.45,0.76,215313504
BRA,South America,Brazil,2023-07-25,37511921.0,0.0,0.0,702116.0,0.0,0.0,3338.54,,,,14103.45,0.76,215313504
BRA,South America,Brazil,2023-07-26,37511921.0,0.0,0.0,702116.0,0.0,0.0,3338.54,,,,14103.45,0.76,215313504
BRA,South America,Brazil,2023-07-27,37511921.0,0.0,0.0,702116.0,0.0,0.0,3338.54,,,,14103.45,0.76,215313504
BRA,South America,Brazil,2023-07-28,37511921.0,0.0,0.0,702116.0,0.0,0.0,3338.54,,,,14103.45,0.76,215313504
BRA,South America,Brazil,2023-07-29,37511921.0,0.0,0.0,702116.0,0.0,0.0,3338.54,,,,14103.45,0.76,215313504
BRA,South America,Brazil,2023-07-30,37511921.0,0.0,0.0,702116.0,0.0,0.0,3338.54,,,,14103.45,0.76,215313504
BRA,South America,Brazil,2023-07-31,37511921.0,0.0,0.0,702116.0,0.0,0.0,3338.54,,,,14103.45,0.76,215313504
BRA,South America,Brazil,2023-08-01,37511921.0,0.0,0.0,702116.0,0.0,0.0,3338.54,,,,14103.45,0.76,215313504
BRA,South America,Brazil,2023-08-02,37511921.0,0.0,0.0,702116.0,0.0,0.0,3338.54,,,,14103.45,0.76,215313504
BRA,South America,Brazil,2023-08-03,37511921.0,0.0,0.0,702116.0,0.0,0.0,3338.54,,,,14103.45,0.76,215313504
BRA,South America,Brazil,2023-08-04,37511921.0,0.0,0.0,702116.0,0.0,0.0,3338.54,,,,14103.45,0.76,215313504
BRA,South America,Brazil,2023-08-05,37511921.0,0.0,0.0,702116.0,0.0,0.0,3338.54,,,,14103.45,0.76,215313504
BRA,South America,Brazil,2023-08-06,37511921.0,0.0,0.0,702116.0,0.0,0.0,3338.54,,,,14103.45,0.76,215313504
BRA,South America,Brazil,2023-08-07,37511921.0,0.0,0.0,702116.0,0.0,0.0,3338.54,,,,14103.45,0.76,215313504
BRA,South America,Brazil,2023-08-08,37511921.0,0.0,0.0,702116.0,0.0,0.0,3338.54,,,,14103.45,0.76,215313504
BRA,South America,Brazil,2023-08-09,37511921.0,0.0,0.0,702116.0,0.0,0.0,3338.54,,,,14103.45,0.76,215313504
BRA,South America,Brazil,2023-08-10,37511921.0,0.0,0.0,702116.0,0.0,0.0,3338.54,,,,14103.45,0.76,215313504
BRA,South America,Brazil,2023-08-11,37511921.0,0.0,0.0,702116.0,0.0,0.0,3338.54,,,,14103.45,0.76,215313504
BRA,South America,Brazil,2023-08-12,37511921.0,0.0,0.0,702116.0,0.0,0.0,3338.54,,,,14103.45,0.76,215313504
BRA,South America,Brazil,2023-08-13,37511921.0,0.0,0.0,702116.0,0.0,0.0,3338.54,,,,14103.45,0.76,215313504
BRA,South America,Brazil,2023-08-14,37511921.0,0.0,0.0,702116.0,0.0,0.0,3338.54,,,,14103.45,0.76,215313504
BRA,South America,Brazil,2023-08-15,37511921.0,0.0,0.0,702116.0,0.0,0.0,3338.54,,,,14103.45,0.76,215313504
BRA,South America,Brazil,2023-08-16,37511921.0,0.0,0.0,702116.0,0.0,0.0,3338.54,,,,14103.45,0.76,215313504
BRA,South America,Brazil,2023-08-17,37511921.0,0.0,0.0,702116.0,0.0,0.0,3338.54,,,,14103.45,0.76,215313504
BRA,South America,Brazil,2023-08-18,37511921.0,0.0,0.0,702116.0,0.0,0.0,3338.54,,,,14103.45,0.76,215313504
BRA,South America,Brazil,2023-08-19,37511921.0,0.0,0.0,702116.0,0.0,0.0,3338.54,,,,14103.45,0.76,215313504
BRA,South America,Brazil,2023-08-20,37511921.0,0.0,0.0,702116.0,0.0,0.0,3338.54,,,,14103.45,0.76,215313504
BRA,South America,Brazil,2023-08-21,37511921.0,0.0,0.0,702116.0,0.0,0.0,3338.54,,,,14103.45,0.76,215313504
BRA,South America,Brazil,2023-08-22,37511921.0,0.0,0.0,702116.0,0.0,0.0,3338.54,,,,14103.45,0.76,215313504
BRA,South America,Brazil,2023-08-23,37511921.0,0.0,0.0,702116.0,0.0,0.0,3338.54,,,,14103.45,0.76,215313504
BRA,South America,Brazil,2023-08-24,37511921.0,0.0,0.0,702116.0,0.0,0.0,3338.54,,,,14103.45,0.76,215313504
BRA,South America,Brazil,2023-08-25,37511921.0,0.0,0.0,702116.0,0.0,0.0,3338.54,,,,14103.45,0.76,215313504
BRA,South America,Brazil,2023-08-26,37511921.0,0.0,0.0,702116.0,0.0,0.0,3338.54,,,,14103.45,0.76,215313504
BRA,South America,Brazil,2023-08-27,37511921.0,0.0,0.0,702116.0,0.0,0.0,3338.54,,,,14103.45,0.76,215313504
BRA,South America,Brazil,2023-08-28,37511921.0,0.0,0.0,702116.0,0.0,0.0,3338.54,,,,14103.45,0.76,215313504
BRA,South America,Brazil,2023-08-29,37511921.0,0.0,0.0,702116.0,0.0,0.0,3338.54,,,,14103.45,0.76,215313504
BRA,South America,Brazil,2023-08-30,37511921.0,0.0,0.0,702116.0,0.0,0.0,3338.54,,,,14103.45,0.76,215313504
BRA,South America,Brazil,2023-08-31,37511921.0,0.0,0.0,702116.0,0.0,0.0,3338.54,,,,14103.45,0.76,215313504
BRA,South America,Brazil,2023-09-01,37511921.0,0.0,0.0,702116.0,0.0,0.0,3338.54,,,,14103.45,0.76,215313504
BRA,South America,Brazil,2023-09-02,37511921.0,0.0,0.0,702116.0,0.0,0.0,3338.54,,,,14103.45,0.76,215313504
BRA,South America,Brazil,2023-09-03,37511921.0,0.0,0.0,702116.0,0.0,0.0,3338.54,,,,14103.45,0.76,215313504
BRA,South America,Brazil,2023-09-04,37511921.0,0.0,0.0,702116.0,0.0,0.0,3338.54,,,,14103.45,0.76,215313504
BRA,South America,Brazil,2023-09-05,37511921.0,0.0,0.0,702116.0,0.0,0.0,3338.54,,,,14103.45,0.76,215313504
BRA,South America,Brazil,2023-09-06,37511921.0,0.0,0.0,702116.0,0.0,0.0,3338.54,,,,14103.45,0.76,215313504
BRA,South America,Brazil,2023-09-07,37511921.0,0.0,0.0,702116.0,0.0,0.0,3338.54,,,,14103.45,0.76,215313504
BRA,South America,Brazil,2023-09-08,37511921.0,0.0,0.0,702116.0,0.0,0.0,3338.54,,,,14103.45,0.76,215313504
BRA,South America,Brazil,2023-09-09,37511921.0,0.0,0.0,702116.0,0.0,0.0,3338.54,,,,14103.45,0.76,215313504
BRA,South America,Brazil,2023-09-10,37511921.0,0.0,0.0,702116.0,0.0,0.0,3338.54,,,,14103.45,0.76,215313504
BRA,South America,Brazil,2023-09-11,37511921.0,0.0,0.0,702116.0,0.0,0.0,3338.54,,,,14103.45,0.76,215313504
BRA,South America,Brazil,2023-09-12,37511921.0,0.0,0.0,702116.0,0.0,0.0,3338.54,,,,14103.45,0.76,215313504
BRA,South America,Brazil,2023-09-13,37511921.0,0.0,0.0,702116.0,0.0,0.0,3338.54,,,,14103.45,0.76,215313504
BRA,South America,Brazil,2023-09-14,37511921.0,0.0,0.0,702116.0,0.0,0.0,3338.54,,,,14103.45,0.76,215313504
BRA,South America,Brazil,2023-09-15,37511921.0,0.0,0.0,702116.0,0.0,0.0,3338.54,,,,14103.45,0.76,215313504
BRA,South America,Brazil,2023-09-16,37511921.0,0.0,0.0,702116.0,0.0,0.0,3338.54,,,,14103.45,0.76,215313504
BRA,South America,Brazil,2023-09-17,37511921.0,0.0,0.0,702116.0,0.0,0.0,3338.54,,,,14103.45,0.76,215313504
BRA,South America,Brazil,2023-09-18,37511921.0,0.0,0.0,702116.0,0.0,0.0,3338.54,,,,14103.45,0.76,215313504
BRA,South America,Brazil,2023-09-19,37511921.0,0.0,0.0,702116.0,0.0,0.0,3338.54,,,,14103.45,0.76,215313504
BRA,South America,Brazil,2023-09-20,37511921.0,0.0,0.0,702116.0,0.0,0.0,3338.54,,,,14103.45,0.76,215313504
BRA,South America,Brazil,2023-09-21,37511921.0,0.0,0.0,702116.0,0.0,0.0,3338.54,,,,14103.45,0.76,215313504
BRA,South America,Brazil,2023-09-22,37511921.0,0.0,0.0,702116.0,0.0,0.0,3338.54,,,,14103.45,0.76,215313504
BRA,South America,Brazil,2023-09-23,37511921.0,0.0,0.0,702116.0,0.0,0.0,3338.54,,,,14103.45,0.76,215313504
BRA,South America,Brazil,2023-09-24,37511921.0,0.0,0.0,702116.0,0.0,0.0,3338.54,,,,14103.45,0.76,215313504
BRA,South America,Brazil,2023-09-25,37511921.0,0.0,0.0,702116.0,0.0,0.0,3338.54,,,,14103.45,0.76,215313504
BRA,South America,Brazil,2023-09-26,37511921.0,0.0,0.0,702116.0,0.0,0.0,3338.54,,,,14103.45,0.76,215313504
BRA,South America,Brazil,2023-09-27,37511921.0,0.0,0.0,702116.0,0.0,0.0,3338.54,,,,14103.45,0.76,215313504
BRA,South America,Brazil,2023-09-28,37511921.0,0.0,0.0,702116.0,0.0,0.0,3338.54,,,,14103.45,0.76,215313504
BRA,South America,Brazil,2023-09-29,37511921.0,0.0,0.0,702116.0,0.0,0.0,3338.54,,,,14103.45,0.76,215313504
BRA,South America,Brazil,2023-09-30,37511921.0,0.0,0.0,702116.0,0.0,0.0,3338.54,,,,14103.45,0.76,215313504
BRA,South America,Brazil,2023-10-01,37511921.0,0.0,0.0,702116.0,0.0,0.0,3338.54,,,,14103.45,0.76,215313504
BRA,South America,Brazil,2023-10-02,37511921.0,0.0,0.0,702116.0,0.0,0.0,3338.54,,,,14103.45,0.76,215313504
BRA,South America,Brazil,2023-10-03,37511921.0,0.0,0.0,702116.0,0.0,0.0,3338.54,,,,14103.45,0.76,215313504
BRA,South America,Brazil,2023-10-04,37511921.0,0.0,0.0,702116.0,0.0,0.0,3338.54,,,,14103.45,0.76,215313504
BRA,South America,Brazil,2023-10-05,37511921.0,0.0,0.0,702116.0,0.0,0.0,3338.54,,,,14103.45,0.76,215313504
BRA,South America,Brazil,2023-10-06,37511921.0,0.0,0.0,702116.0,0.0,0.0,3338.54,,,,14103.45,0.76,215313504
BRA,South America,Brazil,2023-10-07,37511921.0,0.0,0.0,702116.0,0.0,0.0,3338.54,,,,14103.45,0.76,215313504
BRA,South America,Brazil,2023-10-08,37511921.0,0.0,0.0,702116.0,0.0,0.0,3338.54,,,,14103.45,0.76,215313504
BRA,South America,Brazil,2023-10-09,37511921.0,0.0,0.0,702116.0,0.0,0.0,3338.54,,,,14103.45,0.76,215313504
BRA,South America,Brazil,2023-10-10,37511921.0,0.0,0.0,702116.0,0.0,0.0,3338.54,,,,14103.45,0.76,215313504
BRA,South America,Brazil,2023-10-11,37511921.0,0.0,0.0,702116.0,0.0,0.0,3338.54,,,,14103.45,0.76,215313504
BRA,South America,Brazil,2023-10-12,37511921.0,0.0,0.0,702116.0,0.0,0.0,3338.54,,,,14103.45,0.76,215313504
BRA,South America,Brazil,2023-10-13,37511921.0,0.0,0.0,702116.0,0.0,0.0,3338.54,,,,14103.45,0.76,215313504
BRA,South America,Brazil,2023-10-14,37511921.0,0.0,0.0,702116.0,0.0,0.0,3338.54,,,,14103.45,0.76,215313504
BRA,South America,Brazil,2023-10-15,37511921.0,0.0,0.0,702116.0,0.0,0.0,3338.54,,,,14103.45,0.76,215313504
BRA,South America,Brazil,2023-10-16,37511921.0,0.0,0.0,702116.0,0.0,0.0,3338.54,,,,14103.45,0.76,215313504
BRA,South America,Brazil,2023-10-17,37511921.0,0.0,0.0,702116.0,0.0,0.0,3338.54,,,,14103.45,0.76,215313504
BRA,South America,Brazil,2023-10-18,37511921.0,0.0,0.0,702116.0,0.0,0.0,3338.54,,,,14103.45,0.76,215313504
BRA,South America,Brazil,2023-10-19,37511921.0,0.0,0.0,702116.0,0.0,0.0,3338.54,,,,14103.45,0.76,215313504
BRA,South America,Brazil,2023-10-20,37511921.0,0.0,0.0,702116.0,0.0,0.0,3338.54,,,,14103.45,0.76,215313504
BRA,South America,Brazil,2023-10-21,37511921.0,0.0,0.0,702116.0,0.0,0.0,3338.54,,,,14103.45,0.76,215313504
BRA,South America,Brazil,2023-10-22,37511921.0,0.0,0.0,702116.0,0.0,0.0,3338.54,,,,14103.45,0.76,215313504
BRA,South America,Brazil,2023-10-23,37511921.0,0.0,0.0,702116.0,0.0,0.0,3338.54,,,,14103.45,0.76,215313504
BRA,South America,Brazil,2023-10-24,37511921.0,0.0,0.0,702116.0,0.0,0.0,3338.54,,,,14103.45,0.76,215313504
BRA,South America,Brazil,2023-10-25,37511921.0,0.0,0.0,702116.0,0.0,0.0,3338.54,,,,14103.45,0.76,215313504
BRA,South America,Brazil,2023-10-26,37511921.0,0.0,0.0,702116.0,0.0,0.0,3338.54,,,,14103.45,0.76,215313504
BRA,South America,Brazil,2023-10-27,37511921.0,0.0,0.0,702116.0,0.0,0.0,3338.54,,,,14103.45,0.76,215313504
BRA,South America,Brazil,2023-10-28,37511921.0,0.0,0.0,702116.0,0.0,0.0,3338.54,,,,14103.45,0.76,215313504
BRA,South America,Brazil,2023-10-29,37511921.0,0.0,0.0,702116.0,0.0,0.0,3338.54,,,,14103.45,0.76,215313504
BRA,South America,Brazil,2023-10-30,37511921.0,0.0,0.0,702116.0,0.0,0.0,3338.54,,,,14103.45,0.76,215313504
BRA,South America,Brazil,2023-10-31,37511921.0,0.0,0.0,702116.0,0.0,0.0,3338.54,,,,14103.45,0.76,215313504
BRA,South America,Brazil,2023-11-01,37511921.0,0.0,0.0,702116.0,0.0,0.0,3338.54,,,,14103.45,0.76,215313504
BRA,South America,Brazil,2023-11-02,37511921.0,0.0,0.0,702116.0,0.0,0.0,3338.54,,,,14103.45,0.76,215313504
BRA,South America,Brazil,2023-11-03,37511921.0,0.0,0.0,702116.0,0.0,0.0,3338.54,,,,14103.45,0.76,215313504
BRA,South America,Brazil,2023-11-04,37511921.0,0.0,0.0,702116.0,0.0,0.0,3338.54,,,,14103.45,0.76,215313504
BRA,South America,Brazil,2023-11-05,37511921.0,0.0,0.0,702116.0,0.0,0.0,3338.54,,,,14103.45,0.76,215313504
BRA,South America,Brazil,2023-11-06,37511921.0,0.0,0.0,702116.0,0.0,0.0,3338.54,,,,14103.45,0.76,215313504
BRA,South America,Brazil,2023-11-07,37511921.0,0.0,0.0,702116.0,0.0,0.0,3338.54,,,,14103.45,0.76,215313504
BRA,South America,Brazil,2023-11-08,37511921.0,0.0,0.0,702116.0,0.0,0.0,3338.54,,,,14103.45,0.76,215313504
BRA,South America,Brazil,2023-11-09,37511921.0,0.0,0.0,702116.0,0.0,0.0,3338.54,,,,14103.45,0.76,215313504
BRA,South America,Brazil,2023-11-10,37511921.0,0.0,0.0,702116.0,0.0,0.0,3338.54,,,,14103.45,0.76,215313504
BRA,South America,Brazil,2023-11-11,37511921.0,0.0,0.0,702116.0,0.0,0.0,3338.54,,,,14103.45,0.76,215313504
BRA,South America,Brazil,2023-11-12,37511921.0,0.0,0.0,702116.0,0.0,0.0,3338.54,,,,14103.45,0.76,215313504
BRA,South America,Brazil,2023-11-13,37511921.0,0.0,0.0,702116.0,0.0,0.0,3338.54,,,,14103.45,0.76,215313504
BRA,South America,Brazil,2023-11-14,37511921.0,0.0,0.0,702116.0,0.0,0.0,3338.54,,,,14103.45,0.76,215313504
BRA,South America,Brazil,2023-11-15,37511921.0,0.0,0.0,702116.0,0.0,0.0,3338.54,,,,14103.45,0.76,215313504
BRA,South America,Brazil,2023-11-16,37511921.0,0.0,0.0,702116.0,0.0,0.0,3338.54,,,,14103.45,0.76,215313504
BRA,South America,Brazil,2023-11-17,37511921.0,0.0,0.0,702116.0,0.0,0.0,3338.54,,,,14103.45,0.76,215313504
BRA,South America,Brazil,2023-11-18,37511921.0,0.0,0.0,702116.0,0.0,0.0,3338.54,,,,14103.45,0.76,215313504
BRA,South America,Brazil,2023-11-19,37511921.0,0.0,0.0,702116.0,0.0,0.0,3338.54,,,,14103.45,0.76,215313504
BRA,South America,Brazil,2023-11-20,37511921.0,0.0,0.0,702116.0,0.0,0.0,3338.54,,,,14103.45,0.76,215313504
BRA,South America,Brazil,2023-11-21,37511921.0,0.0,0.0,702116.0,0.0,0.0,3338.54,,,,14103.45,0.76,215313504
BRA,South America,Brazil,2023-11-22,37511921.0,0.0,0.0,702116.0,0.0,0.0,3338.54,,,,14103.45,0.76,215313504
BRA,South America,Brazil,2023-11-23,37511921.0,0.0,0.0,702116.0,0.0,0.0,3338.54,,,,14103.45,0.76,215313504
BRA,South America,Brazil,2023-11-24,37511921.0,0.0,0.0,702116.0,0.0,0.0,3338.54,,,,14103.45,0.76,215313504
BRA,South America,Brazil,2023-11-25,37511921.0,0.0,0.0,702116.0,0.0,0.0,3338.54,,,,14103.45,0.76,215313504
BRA,South America,Brazil,2023-11-26,37511921.0,0.0,0.0,702116.0,0.0,0.0,3338.54,,,,14103.45,0.76,215313504
BRA,South America,Brazil,2023-11-27,37511921.0,0.0,0.0,702116.0,0.0,0.0,3338.54,,,,14103.45,0.76,215313504
BRA,South America,Brazil,2023-11-28,37511921.0,0.0,0.0,702116.0,0.0,0.0,3338.54,,,,14103.45,0.76,215313504
BRA,South America,Brazil,2023-11-29,37511921.0,0.0,0.0,702116.0,0.0,0.0,3338.54,,,,14103.45,0.76,215313504
BRA,South America,Brazil,2023-11-30,37511921.0,0.0,0.0,702116.0,0.0,0.0,3338.54,,,,14103.45,0.76,215313504
BRA,South America,Brazil,2023-12-01,37511921.0,0.0,0.0,702116.0,0.0,0.0,3338.54,,,,14103.45,0.76,215313504
BRA,South America,Brazil,2023-12-02,37511921.0,0.0,0.0,702116.0,0.0,0.0,3338.54,,,,14103.45,0.76,215313504
BRA,South America,Brazil,2023-12-03,37511921.0,0.0,0.0,702116.0,0.0,0.0,3338.54,,,,14103.45,0.76,215313504
BRA,South America,Brazil,2023-12-04,37511921.0,0.0,0.0,702116.0,0.0,0.0,3338.54,,,,14103.45,0.76,215313504
BRA,South America,Brazil,2023-12-05,37511921.0,0.0,0.0,702116.0,0.0,0.0,3338.54,,,,14103.45,0.76,215313504
BRA,South America,Brazil,2023-12-06,37511921.0,0.0,0.0,702116.0,0.0,0.0,3338.54,,,,14103.45,0.76,215313504
BRA,South America,Brazil,2023-12-07,37511921.0,0.0,0.0,702116.0,0.0,0.0,3338.54,,,,14103.45,0.76,215313504
BRA,South America,Brazil,2023-12-08,37511921.0,0.0,0.0,702116.0,0.0,0.0,3338.54,,,,14103.45,0.76,215313504
BRA,South America,Brazil,2023-12-09,37511921.0,0.0,0.0,702116.0,0.0,0.0,3338.54,,,,14103.45,0.76,215313504
BRA,South America,Brazil,2023-12-10,37511921.0,0.0,0.0,702116.0,0.0,0.0,3338.54,,,,14103.45,0.76,215313504
BRA,South America,Brazil,2023-12-11,37511921.0,0.0,0.0,702116.0,0.0,0.0,3338.54,,,,14103.45,0.76,215313504
BRA,South America,Brazil,2023-12-12,37511921.0,0.0,0.0,702116.0,0.0,0.0,3338.54,,,,14103.45,0.76,215313504
BRA,South America,Brazil,2023-12-13,37511921.0,0.0,0.0,702116.0,0.0,0.0,3338.54,,,,14103.45,0.76,215313504
BRA,South America,Brazil,2023-12-14,37511921.0,0.0,0.0,702116.0,0.0,0.0,3338.54,,,,14103.45,0.76,215313504
BRA,South America,Brazil,2023-12-15,37511921.0,0.0,0.0,702116.0,0.0,0.0,3338.54,,,,14103.45,0.76,215313504
BRA,South America,Brazil,2023-12-16,37511921.0,0.0,0.0,702116.0,0.0,0.0,3338.54,,,,14103.45,0.76,215313504
BRA,South America,Brazil,2023-12-17,37511921.0,0.0,0.0,702116.0,0.0,0.0,3338.54,,,,14103.45,0.76,215313504
BRA,South America,Brazil,2023-12-18,37511921.0,0.0,0.0,702116.0,0.0,0.0,3338.54,,,,14103.45,0.76,215313504
BRA,South America,Brazil,2023-12-19,37511921.0,0.0,0.0,702116.0,0.0,0.0,3338.54,,,,14103.45,0.76,215313504
BRA,South America,Brazil,2023-12-20,37511921.0,0.0,0.0,702116.0,0.0,0.0,3338.54,,,,14103.45,0.76,215313504
BRA,South America,Brazil,2023-12-21,37511921.0,0.0,0.0,702116.0,0.0,0.0,3338.54,,,,14103.45,0.76,215313504
BRA,South America,Brazil,2023-12-22,37511921.0,0.0,0.0,702116.0,0.0,0.0,3338.54,,,,14103.45,0.76,215313504
BRA,South America,Brazil,2023-12-23,37511921.0,0.0,0.0,702116.0,0.0,0.0,3338.54,,,,14103.45,0.76,215313504
BRA,South America,Brazil,2023-12-24,37511921.0,0.0,0.0,702116.0,0.0,0.0,3338.54,,,,14103.45,0.76,215313504
BRA,South America,Brazil,2023-12-25,37511921.0,0.0,0.0,702116.0,0.0,0.0,3338.54,,,,14103.45,0.76,215313504
BRA,South America,Brazil,2023-12-26,37511921.0,0.0,0.0,702116.0,0.0,0.0,3338.54,,,,14103.45,0.76,215313504
BRA,South America,Brazil,2023-12-27,37511921.0,0.0,0.0,702116.0,0.0,0.0,3338.54,,,,14103.45,0.76,215313504
BRA,South America,Brazil,2023-12-28,37511921.0,0.0,0.0,702116.0,0.0,0.0,3338.54,,,,14103.45,0.76,215313504
BRA,South America,Brazil,2023-12-29,37511921.0,0.0,0.0,702116.0,0.0,0.0,3338.54,,,,14103.45,0.76,215313504
BRA,South America,Brazil,2023-12-30,37511921.0,0.0,0.0,702116.0,0.0,0.0,3338.54,,,,14103.45,0.76,215313504
BRA,South America,Brazil,2023-12-31,37511921.0,0.0,0.0,702116.0,0.0,0.0,3338.54,,,,14103.45,0.76,215313504
BRA,South America,Brazil,2024-01-01,37511921.0,0.0,0.0,702116.0,0.0,0.0,3338.54,,,,14103.45,0.76,215313504
BRA,South America,Brazil,2024-01-02,37511921.0,0.0,0.0,702116.0,0.0,0.0,3338.54,,,,14103.45,0.76,215313504
BRA,South America,Brazil,2024-01-03,37511921.0,0.0,0.0,702116.0,0.0,0.0,3338.54,,,,14103.45,0.76,215313504
BRA,South America,Brazil,2024-01-04,37511921.0,0.0,0.0,702116.0,0.0,0.0,3338.54,,,,14103.45,0.76,215313504
BRA,South America,Brazil,2024-01-05,37511921.0,0.0,0.0,702116.0,0.0,0.0,3338.54,,,,14103.45,0.76,215313504
BRA,South America,Brazil,2024-01-06,37511921.0,0.0,0.0,702116.0,0.0,0.0,3338.54,,,,14103.45,0.76,215313504
BRA,South America,Brazil,2024-01-07,37511921.0,0.0,0.0,702116.0,0.0,0.0,3338.54,,,,14103.45,0.76,215313504
BRA,South America,Brazil,2024-01-08,37511921.0,0.0,0.0,702116.0,0.0,0.0,3338.54,,,,14103.45,0.76,215313504
BRA,South America,Brazil,2024-01-09,37511921.0,0.0,0.0,702116.0,0.0,0.0,3338.54,,,,14103.45,0.76,215313504
BRA,South America,Brazil,2024-01-10,37511921.0,0.0,0.0,702116.0,0.0,0.0,3338.54,,,,14103.45,0.76,215313504
BRA,South America,Brazil,2024-01-11,37511921.0,0.0,0.0,702116.0,0.0,0.0,3338.54,,,,14103.45,0.76,215313504
BRA,South America,Brazil,2024-01-12,37511921.0,0.0,0.0,702116.0,0.0,0.0,3338.54,,,,14103.45,0.76,215313504
BRA,South America,Brazil,2024-01-13,37511921.0,0.0,0.0,702116.0,0.0,0.0,3338.54,,,,14103.45,0.76,215313504
BRA,South America,Brazil,2024-01-14,37511921.0,0.0,0.0,702116.0,0.0,0.0,3338.54,,,,14103.45,0.76,215313504
BRA,South America,Brazil,2024-01-15,37511921.0,0.0,0.0,702116.0,0.0,0.0,3338.54,,,,14103.45,0.76,215313504
BRA,South America,Brazil,2024-01-16,37511921.0,0.0,0.0,702116.0,0.0,0.0,3338.54,,,,14103.45,0.76,215313504
BRA,South America,Brazil,2024-01-17,37511921.0,0.0,0.0,702116.0,0.0,0.0,3338.54,,,,14103.45,0.76,215313504
BRA,South America,Brazil,2024-01-18,37511921.0,0.0,0.0,702116.0,0.0,0.0,3338.54,,,,14103.45,0.76,215313504
BRA,South America,Brazil,2024-01-19,37511921.0,0.0,0.0,702116.0,0.0,0.0,3338.54,,,,14103.45,0.76,215313504
BRA,South America,Brazil,2024-01-20,37511921.0,0.0,0.0,702116.0,0.0,0.0,3338.54,,,,14103.45,0.76,215313504
BRA,South America,Brazil,2024-01-21,37511921.0,0.0,0.0,702116.0,0.0,0.0,3338.54,,,,14103.45,0.76,215313504
BRA,South America,Brazil,2024-01-22,37511921.0,0.0,0.0,702116.0,0.0,0.0,3338.54,,,,14103.45,0.76,215313504
BRA,South America,Brazil,2024-01-23,37511921.0,0.0,0.0,702116.0,0.0,0.0,3338.54,,,,14103.45,0.76,215313504
BRA,South America,Brazil,2024-01-24,37511921.0,0.0,0.0,702116.0,0.0,0.0,3338.54,,,,14103.45,0.76,215313504
BRA,South America,Brazil,2024-01-25,37511921.0,0.0,0.0,702116.0,0.0,0.0,3338.54,,,,14103.45,0.76,215313504
BRA,South America,Brazil,2024-01-26,37511921.0,0.0,0.0,702116.0,0.0,0.0,3338.54,,,,14103.45,0.76,215313504
BRA,South America,Brazil,2024-01-27,37511921.0,0.0,0.0,702116.0,0.0,0.0,3338.54,,,,14103.45,0.76,215313504
BRA,South America,Brazil,2024-01-28,37511921.0,0.0,0.0,702116.0,0.0,0.0,3338.54,,,,14103.45,0.76,215313504
BRA,South America,Brazil,2024-01-29,37511921.0,0.0,0.0,702116.0,0.0,0.0,3338.54,,,,14103.45,0.76,215313504
BRA,South America,Brazil,2024-01-30,37511921.0,0.0,0.0,702116.0,0.0,0.0,3338.54,,,,14103.45,0.76,215313504
BRA,South America,Brazil,2024-01-31,37511921.0,0.0,0.0,702116.0,0.0,0.0,3338.54,,,,14103.45,0.76,215313504
BRA,South America,Brazil,2024-02-01,37511921.0,0.0,0.0,702116.0,0.0,0.0,3338.54,,,,14103.45,0.76,215313504
BRA,South America,Brazil,2024-02-02,37511921.0,0.0,0.0,702116.0,0.0,0.0,3338.54,,,,14103.45,0.76,215313504
BRA,South America,Brazil,2024-02-03,37511921.0,0.0,0.0,702116.0,0.0,0.0,3338.54,,,,14103.45,0.76,215313504
BRA,South America,Brazil,2024-02-04,37511921.0,0.0,0.0,702116.0,0.0,0.0,3338.54,,,,14103.45,0.76,215313504
BRA,South America,Brazil,2024-02-05,37511921.0,0.0,0.0,702116.0,0.0,0.0,3338.54,,,,14103.45,0.76,215313504
BRA,South America,Brazil,2024-02-06,37511921.0,0.0,0.0,702116.0,0.0,0.0,3338.54,,,,14103.45,0.76,215313504
BRA,South America,Brazil,2024-02-07,37511921.0,0.0,0.0,702116.0,0.0,0.0,3338.54,,,,14103.45,0.76,215313504
BRA,South America,Brazil,2024-02-08,37511921.0,0.0,0.0,702116.0,0.0,0.0,3338.54,,,,14103.45,0.76,215313504
BRA,South America,Brazil,2024-02-09,37511921.0,0.0,0.0,702116.0,0.0,0.0,3338.54,,,,14103.45,0.76,215313504
BRA,South America,Brazil,2024-02-10,37511921.0,0.0,0.0,702116.0,0.0,0.0,3338.54,,,,14103.45,0.76,215313504
BRA,South America,Brazil,2024-02-11,37511921.0,0.0,0.0,702116.0,0.0,0.0,3338.54,,,,14103.45,0.76,215313504
BRA,South America,Brazil,2024-02-12,37511921.0,0.0,0.0,702116.0,0.0,0.0,3338.54,,,,14103.45,0.76,215313504
BRA,South America,Brazil,2024-02-13,37511921.0,0.0,0.0,702116.0,0.0,0.0,3338.54,,,,14103.45,0.76,215313504
BRA,South America,Brazil,2024-02-14,37511921.0,0.0,0.0,702116.0,0.0,0.0,3338.54,,,,14103.45,0.76,215313504
BRA,South America,Brazil,2024-02-15,37511921.0,0.0,0.0,702116.0,0.0,0.0,3338.54,,,,14103.45,0.76,215313504
BRA,South America,Brazil,2024-02-16,37511921.0,0.0,0.0,702116.0,0.0,0.0,3338.54,,,,14103.45,0.76,215313504
BRA,South America,Brazil,2024-02-17,37511921.0,0.0,0.0,702116.0,0.0,0.0,3338.54,,,,14103.45,0.76,215313504
BRA,South America,Brazil,2024-02-18,37511921.0,0.0,0.0,702116.0,0.0,0.0,3338.54,,,,14103.45,0.76,215313504
BRA,South America,Brazil,2024-02-19,37511921.0,0.0,0.0,702116.0,0.0,0.0,3338.54,,,,14103.45,0.76,215313504
BRA,South America,Brazil,2024-02-20,37511921.0,0.0,0.0,702116.0,0.0,0.0,3338.54,,,,14103.45,0.76,215313504
BRA,South America,Brazil,2024-02-21,37511921.0,0.0,0.0,702116.0,0.0,0.0,3338.54,,,,14103.45,0.76,215313504
BRA,South America,Brazil,2024-02-22,37511921.0,0.0,0.0,702116.0,0.0,0.0,3338.54,,,,14103.45,0.76,215313504
BRA,South America,Brazil,2024-02-23,37511921.0,0.0,0.0,702116.0,0.0,0.0,3338.54,,,,14103.45,0.76,215313504
BRA,South America,Brazil,2024-02-24,37511921.0,0.0,0.0,702116.0,0.0,0.0,3338.54,,,,14103.45,0.76,215313504
BRA,South America,Brazil,2024-02-25,37511921.0,0.0,0.0,702116.0,0.0,0.0,3338.54,,,,14103.45,0.76,215313504
BRA,South America,Brazil,2024-02-26,37511921.0,0.0,0.0,702116.0,0.0,0.0,3338.54,,,,14103.45,0.76,215313504
BRA,South America,Brazil,2024-02-27,37511921.0,0.0,0.0,702116.0,0.0,0.0,3338.54,,,,14103.45,0.76,215313504
BRA,South America,Brazil,2024-02-28,37511921.0,0.0,0.0,702116.0,0.0,0.0,3338.54,,,,14103.45,0.76,215313504
BRA,South America,Brazil,2024-02-29,37511921.0,0.0,0.0,702116.0,0.0,0.0,3338.54,,,,14103.45,0.76,215313504
BRA,South America,Brazil,2024-03-01,37511921.0,0.0,0.0,702116.0,0.0,0.0,3338.54,,,,14103.45,0.76,215313504
BRA,South America,Brazil,2024-03-02,37511921.0,0.0,0.0,702116.0,0.0,0.0,3338.54,,,,14103.45,0.76,215313504
BRA,South America,Brazil,2024-03-03,37511921.0,0.0,0.0,702116.0,0.0,0.0,3338.54,,,,14103.45,0.76,215313504
BRA,South America,Brazil,2024-03-04,37511921.0,0.0,0.0,702116.0,0.0,0.0,3338.54,,,,14103.45,0.76,215313504
BRA,South America,Brazil,2024-03-05,37511921.0,0.0,0.0,702116.0,0.0,0.0,3338.54,,,,14103.45,0.76,215313504
BRA,South America,Brazil,2024-03-06,37511921.0,0.0,0.0,702116.0,0.0,0.0,3338.54,,,,14103.45,0.76,215313504
BRA,South America,Brazil,2024-03-07,37511921.0,0.0,0.0,702116.0,0.0,0.0,3338.54,,,,14103.45,0.76,215313504
BRA,South America,Brazil,2024-03-08,37511921.0,0.0,0.0,702116.0,0.0,0.0,3338.54,,,,14103.45,0.76,215313504
BRA,South America,Brazil,2024-03-09,37511921.0,0.0,0.0,702116.0,0.0,0.0,3338.54,,,,14103.45,0.76,215313504
BRA,South America,Brazil,2024-03-10,37511921.0,0.0,0.0,702116.0,0.0,0.0,3338.54,,,,14103.45,0.76,215313504
BRA,South America,Brazil,2024-03-11,37511921.0,0.0,0.0,702116.0,0.0,0.0,3338.54,,,,14103.45,0.76,215313504
BRA,South America,Brazil,2024-03-12,37511921.0,0.0,0.0,702116.0,0.0,0.0,3338.54,,,,14103.45,0.76,215313504
BRA,South America,Brazil,2024-03-13,37511921.0,0.0,0.0,702116.0,0.0,0.0,3338.54,,,,14103.45,0.76,215313504
BRA,South America,Brazil,2024-03-14,37511921.0,0.0,0.0,702116.0,0.0,0.0,3338.54,,,,14103.45,0.76,215313504
BRA,South America,Brazil,2024-03-15,37511921.0,0.0,0.0,702116.0,0.0,0.0,3338.54,,,,14103.45,0.76,215313504
BRA,South America,Brazil,2024-03-16,37511921.0,0.0,0.0,702116.0,0.0,0.0,3338.54,,,,14103.45,0.76,215313504
BRA,South America,Brazil,2024-03-17,37511921.0,0.0,0.0,702116.0,0.0,0.0,3338.54,,,,14103.45,0.76,215313504
BRA,South America,Brazil,2024-03-18,37511921.0,0.0,0.0,702116.0,0.0,0.0,3338.54,,,,14103.45,0.76,215313504
BRA,South America,Brazil,2024-03-19,37511921.0,0.0,0.0,702116.0,0.0,0.0,3338.54,,,,14103.45,0.76,215313504
BRA,South America,Brazil,2024-03-20,37511921.0,0.0,0.0,702116.0,0.0,0.0,3338.54,,,,14103.45,0.76,215313504
BRA,South America,Brazil,2024-03-21,37511921.0,0.0,0.0,702116.0,0.0,0.0,3338.54,,,,14103.45,0.76,215313504
BRA,South America,Brazil,2024-03-22,37511921.0,0.0,0.0,702116.0,0.0,0.0,3338.54,,,,14103.45,0.76,215313504
BRA,South America,Brazil,2024-03-23,37511921.0,0.0,0.0,702116.0,0.0,0.0,3338.54,,,,14103.45,0.76,215313504
BRA,South America,Brazil,2024-03-24,37511921.0,0.0,0.0,702116.0,0.0,0.0,3338.54,,,,14103.45,0.76,215313504
BRA,South America,Brazil,2024-03-25,37511921.0,0.0,0.0,702116.0,0.0,0.0,3338.54,,,,14103.45,0.76,215313504
BRA,South America,Brazil,2024-03-26,37511921.0,0.0,0.0,702116.0,0.0,0.0,3338.54,,,,14103.45,0.76,215313504
BRA,South America,Brazil,2024-03-27,37511921.0,0.0,0.0,702116.0,0.0,0.0,3338.54,,,,14103.45,0.76,215313504
BRA,South America,Brazil,2024-03-28,37511921.0,0.0,0.0,702116.0,0.0,0.0,3338.54,,,,14103.45,0.76,215313504
BRA,South America,Brazil,2024-03-29,37511921.0,0.0,0.0,702116.0,0.0,0.0,3338.54,,,,14103.45,0.76,215313504
BRA,South America,Brazil,2024-03-30,37511921.0,0.0,0.0,702116.0,0.0,0.0,3338.54,,,,14103.45,0.76,215313504
BRA,South America,Brazil,2024-03-31,37511921.0,0.0,0.0,702116.0,0.0,0.0,3338.54,,,,14103.45,0.76,215313504
BRA,South America,Brazil,2024-04-01,37511921.0,0.0,0.0,702116.0,0.0,0.0,3338.54,,,,14103.45,0.76,215313504
BRA,South America,Brazil,2024-04-02,37511921.0,0.0,0.0,702116.0,0.0,0.0,3338.54,,,,14103.45,0.76,215313504
BRA,South America,Brazil,2024-04-03,37511921.0,0.0,0.0,702116.0,0.0,0.0,3338.54,,,,14103.45,0.76,215313504
BRA,South America,Brazil,2024-04-04,37511921.0,0.0,0.0,702116.0,0.0,0.0,3338.54,,,,14103.45,0.76,215313504
BRA,South America,Brazil,2024-04-05,37511921.0,0.0,0.0,702116.0,0.0,0.0,3338.54,,,,14103.45,0.76,215313504
BRA,South America,Brazil,2024-04-06,37511921.0,0.0,0.0,702116.0,0.0,0.0,3338.54,,,,14103.45,0.76,215313504
BRA,South America,Brazil,2024-04-07,37511921.0,0.0,0.0,702116.0,0.0,0.0,3338.54,,,,14103.45,0.76,215313504
BRA,South America,Brazil,2024-04-08,37511921.0,0.0,0.0,702116.0,0.0,0.0,3338.54,,,,14103.45,0.76,215313504
BRA,South America,Brazil,2024-04-09,37511921.0,0.0,0.0,702116.0,0.0,0.0,3338.54,,,,14103.45,0.76,215313504
BRA,South America,Brazil,2024-04-10,37511921.0,0.0,0.0,702116.0,0.0,0.0,3338.54,,,,14103.45,0.76,215313504
BRA,South America,Brazil,2024-04-11,37511921.0,0.0,0.0,702116.0,0.0,0.0,3338.54,,,,14103.45,0.76,215313504
BRA,South America,Brazil,2024-04-12,37511921.0,0.0,0.0,702116.0,0.0,0.0,3338.54,,,,14103.45,0.76,215313504
BRA,South America,Brazil,2024-04-13,37511921.0,0.0,0.0,702116.0,0.0,0.0,3338.54,,,,14103.45,0.76,215313504
BRA,South America,Brazil,2024-04-14,37511921.0,0.0,0.0,702116.0,0.0,0.0,3338.54,,,,14103.45,0.76,215313504
BRA,South America,Brazil,2024-04-15,37511921.0,0.0,0.0,702116.0,0.0,0.0,3338.54,,,,14103.45,0.76,215313504
BRA,South America,Brazil,2024-04-16,37511921.0,0.0,0.0,702116.0,0.0,0.0,3338.54,,,,14103.45,0.76,215313504
BRA,South America,Brazil,2024-04-17,37511921.0,0.0,0.0,702116.0,0.0,0.0,3338.54,,,,14103.45,0.76,215313504
BRA,South America,Brazil,2024-04-18,37511921.0,0.0,0.0,702116.0,0.0,0.0,3338.54,,,,14103.45,0.76,215313504
BRA,South America,Brazil,2024-04-19,37511921.0,0.0,0.0,702116.0,0.0,0.0,3338.54,,,,14103.45,0.76,215313504
BRA,South America,Brazil,2024-04-20,37511921.0,0.0,0.0,702116.0,0.0,0.0,3338.54,,,,14103.45,0.76,215313504
BRA,South America,Brazil,2024-04-21,37511921.0,0.0,0.0,702116.0,0.0,0.0,3338.54,,,,14103.45,0.76,215313504
BRA,South America,Brazil,2024-04-22,37511921.0,0.0,0.0,702116.0,0.0,0.0,3338.54,,,,14103.45,0.76,215313504
BRA,South America,Brazil,2024-04-23,37511921.0,0.0,0.0,702116.0,0.0,0.0,3338.54,,,,14103.45,0.76,215313504
BRA,South America,Brazil,2024-04-24,37511921.0,0.0,0.0,702116.0,0.0,0.0,3338.54,,,,14103.45,0.76,215313504
BRA,South America,Brazil,2024-04-25,37511921.0,0.0,0.0,702116.0,0.0,0.0,3338.54,,,,14103.45,0.76,215313504
BRA,South America,Brazil,2024-04-26,37511921.0,0.0,0.0,702116.0,0.0,0.0,3338.54,,,,14103.45,0.76,215313504
BRA,South America,Brazil,2024-04-27,37511921.0,0.0,0.0,702116.0,0.0,0.0,3338.54,,,,14103.45,0.76,215313504
BRA,South America,Brazil,2024-04-28,37511921.0,0.0,0.0,702116.0,0.0,0.0,3338.54,,,,14103.45,0.76,215313504
BRA,South America,Brazil,2024-04-29,37511921.0,0.0,0.0,702116.0,0.0,0.0,3338.54,,,,14103.45,0.76,215313504
BRA,South America,Brazil,2024-04-30,37511921.0,0.0,0.0,702116.0,0.0,0.0,3338.54,,,,14103.45,0.76,215313504
BRA,South America,Brazil,2024-05-01,37511921.0,0.0,0.0,702116.0,0.0,0.0,3338.54,,,,14103.45,0.76,215313504
BRA,South America,Brazil,2024-05-02,37511921.0,0.0,0.0,702116.0,0.0,0.0,3338.54,,,,14103.45,0.76,215313504
BRA,South America,Brazil,2024-05-03,37511921.0,0.0,0.0,702116.0,0.0,0.0,3338.54,,,,14103.45,0.76,215313504
BRA,South America,Brazil,2024-05-04,37511921.0,0.0,0.0,702116.0,0.0,0.0,3338.54,,,,14103.45,0.76,215313504
BRA,South America,Brazil,2024-05-05,37511921.0,0.0,0.0,702116.0,0.0,0.0,3338.54,,,,14103.45,0.76,215313504
BRA,South America,Brazil,2024-05-06,37511921.0,0.0,0.0,702116.0,0.0,0.0,3338.54,,,,14103.45,0.76,215313504
BRA,South America,Brazil,2024-05-07,37511921.0,0.0,0.0,702116.0,0.0,0.0,3338.54,,,,14103.45,0.76,215313504
BRA,South America,Brazil,2024-05-08,37511921.0,0.0,0.0,702116.0,0.0,0.0,3338.54,,,,14103.45,0.76,215313504
BRA,South America,Brazil,2024-05-09,37511921.0,0.0,0.0,702116.0,0.0,0.0,3338.54,,,,14103.45,0.76,215313504
BRA,South America,Brazil,2024-05-10,37511921.0,0.0,0.0,702116.0,0.0,0.0,3338.54,,,,14103.45,0.76,215313504
BRA,South America,Brazil,2024-05-11,37511921.0,0.0,0.0,702116.0,0.0,0.0,3338.54,,,,14103.45,0.76,215313504
BRA,South America,Brazil,2024-05-12,37511921.0,0.0,0.0,702116.0,0.0,0.0,3338.54,,,,14103.45,0.76,215313504
BRA,South America,Brazil,2024-05-13,37511921.0,0.0,0.0,702116.0,0.0,0.0,3338.54,,,,14103.45,0.76,215313504
BRA,South America,Brazil,2024-05-14,37511921.0,0.0,0.0,702116.0,0.0,0.0,3338.54,,,,14103.45,0.76,215313504
BRA,South America,Brazil,2024-05-15,37511921.0,0.0,0.0,702116.0,0.0,0.0,3338.54,,,,14103.45,0.76,215313504
BRA,South America,Brazil,2024-05-16,37511921.0,0.0,0.0,702116.0,0.0,0.0,3338.54,,,,14103.45,0.76,215313504
BRA,South America,Brazil,2024-05-17,37511921.0,0.0,0.0,702116.0,0.0,0.0,3338.54,,,,14103.45,0.76,215313504
BRA,South America,Brazil,2024-05-18,37511921.0,0.0,0.0,702116.0,0.0,0.0,3338.54,,,,14103.45,0.76,215313504
BRA,South America,Brazil,2024-05-19,37511921.0,0.0,0.0,702116.0,0.0,0.0,3338.54,,,,14103.45,0.76,215313504
BRA,South America,Brazil,2024-05-20,37511921.0,0.0,0.0,702116.0,0.0,0.0,3338.54,,,,14103.45,0.76,215313504
BRA,South America,Brazil,2024-05-21,37511921.0,0.0,0.0,702116.0,0.0,0.0,3338.54,,,,14103.45,0.76,215313504
BRA,South America,Brazil,2024-05-22,37511921.0,0.0,0.0,702116.0,0.0,0.0,3338.54,,,,14103.45,0.76,215313504
BRA,South America,Brazil,2024-05-23,37511921.0,0.0,0.0,702116.0,0.0,0.0,3338.54,,,,14103.45,0.76,215313504
BRA,South America,Brazil,2024-05-24,37511921.0,0.0,0.0,702116.0,0.0,0.0,3338.54,,,,14103.45,0.76,215313504
BRA,South America,Brazil,2024-05-25,37511921.0,0.0,0.0,702116.0,0.0,0.0,3338.54,,,,14103.45,0.76,215313504
BRA,South America,Brazil,2024-05-26,37511921.0,0.0,0.0,702116.0,0.0,0.0,3338.54,,,,14103.45,0.76,215313504
BRA,South America,Brazil,2024-05-27,37511921.0,0.0,0.0,702116.0,0.0,0.0,3338.54,,,,14103.45,0.76,215313504
BRA,South America,Brazil,2024-05-28,37511921.0,0.0,0.0,702116.0,0.0,0.0,3338.54,,,,14103.45,0.76,215313504
BRA,South America,Brazil,2024-05-29,37511921.0,0.0,0.0,702116.0,0.0,0.0,3338.54,,,,14103.45,0.76,215313504
BRA,South America,Brazil,2024-05-30,37511921.0,0.0,0.0,702116.0,0.0,0.0,3338.54,,,,14103.45,0.76,215313504
BRA,South America,Brazil,2024-05-31,37511921.0,0.0,0.0,702116.0,0.0,0.0,3338.54,,,,14103.45,0.76,215313504
BRA,South America,Brazil,2024-06-01,37511921.0,0.0,0.0,702116.0,0.0,0.0,3338.54,,,,14103.45,0.76,215313504
BRA,South America,Brazil,2024-06-02,37511921.0,0.0,0.0,702116.0,0.0,0.0,3338.54,,,,14103.45,0.76,215313504
BRA,South America,Brazil,2024-06-03,37511921.0,0.0,0.0,702116.0,0.0,0.0,3338.54,,,,14103.45,0.76,215313504
BRA,South America,Brazil,2024-06-04,37511921.0,0.0,0.0,702116.0,0.0,0.0,3338.54,,,,14103.45,0.76,215313504
BRA,South America,Brazil,2024-06-05,37511921.0,0.0,0.0,702116.0,0.0,0.0,3338.54,,,,14103.45,0.76,215313504
BRA,South America,Brazil,2024-06-06,37511921.0,0.0,0.0,702116.0,0.0,0.0,3338.54,,,,14103.45,0.76,215313504
BRA,South America,Brazil,2024-06-07,37511921.0,0.0,0.0,702116.0,0.0,0.0,3338.54,,,,14103.45,0.76,215313504
BRA,South America,Brazil,2024-06-08,37511921.0,0.0,0.0,702116.0,0.0,0.0,3338.54,,,,14103.45,0.76,215313504
BRA,South America,Brazil,2024-06-09,37511921.0,0.0,0.0,702116.0,0.0,0.0,3338.54,,,,14103.45,0.76,215313504
BRA,South America,Brazil,2024-06-10,37511921.0,0.0,0.0,702116.0,0.0,0.0,3338.54,,,,14103.45,0.76,215313504
BRA,South America,Brazil,2024-06-11,37511921.0,0.0,0.0,702116.0,0.0,0.0,3338.54,,,,14103.45,0.76,215313504
BRA,South America,Brazil,2024-06-12,37511921.0,0.0,0.0,702116.0,0.0,0.0,3338.54,,,,14103.45,0.76,215313504
BRA,South America,Brazil,2024-06-13,37511921.0,0.0,0.0,702116.0,0.0,0.0,3338.54,,,,14103.45,0.76,215313504
BRA,South America,Brazil,2024-06-14,37511921.0,0.0,0.0,702116.0,0.0,0.0,3338.54,,,,14103.45,0.76,215313504
BRA,South America,Brazil,2024-06-15,37511921.0,0.0,0.0,702116.0,0.0,0.0,3338.54,,,,14103.45,0.76,215313504
BRA,South America,Brazil,2024-06-16,37511921.0,0.0,0.0,702116.0,0.0,0.0,3338.54,,,,14103.45,0.76,215313504
BRA,South America,Brazil,2024-06-17,37511921.0,0.0,0.0,702116.0,0.0,0.0,3338.54,,,,14103.45,0.76,215313504
BRA,South America,Brazil,2024-06-18,37511921.0,0.0,0.0,702116.0,0.0,0.0,3338.54,,,,14103.45,0.76,215313504
BRA,South America,Brazil,2024-06-19,37511921.0,0.0,0.0,702116.0,0.0,0.0,3338.54,,,,14103.45,0.76,215313504
BRA,South America,Brazil,2024-06-20,37511921.0,0.0,0.0,702116.0,0.0,0.0,3338.54,,,,14103.45,0.76,215313504
BRA,South America,Brazil,2024-06-21,37511921.0,0.0,0.0,702116.0,0.0,0.0,3338.54,,,,14103.45,0.76,215313504
BRA,South America,Brazil,2024-06-22,37511921.0,0.0,0.0,702116.0,0.0,0.0,3338.54,,,,14103.45,0.76,215313504
BRA,South America,Brazil,2024-06-23,37511921.0,0.0,0.0,702116.0,0.0,0.0,3338.54,,,,14103.45,0.76,215313504
BRA,South America,Brazil,2024-06-24,37511921.0,0.0,0.0,702116.0,0.0,0.0,3338.54,,,,14103.45,0.76,215313504
BRA,South America,Brazil,2024-06-25,37511921.0,0.0,0.0,702116.0,0.0,0.0,3338.54,,,,14103.45,0.76,215313504
BRA,South America,Brazil,2024-06-26,37511921.0,0.0,0.0,702116.0,0.0,0.0,3338.54,,,,14103.45,0.76,215313504
BRA,South America,Brazil,2024-06-27,37511921.0,0.0,0.0,702116.0,0.0,0.0,3338.54,,,,14103.45,0.76,215313504
BRA,South America,Brazil,2024-06-28,37511921.0,0.0,0.0,702116.0,0.0,0.0,3338.54,,,,14103.45,0.76,215313504
BRA,South America,Brazil,2024-06-29,37511921.0,0.0,0.0,702116.0,0.0,0.0,3338.54,,,,14103.45,0.76,215313504
BRA,South America,Brazil,2024-06-30,37511921.0,0.0,0.0,702116.0,0.0,0.0,3338.54,,,,14103.45,0.76,215313504
BRA,South America,Brazil,2024-07-01,37511921.0,0.0,0.0,702116.0,0.0,0.0,3338.54,,,,14103.45,0.76,215313504
BRA,South America,Brazil,2024-07-02,37511921.0,0.0,0.0,702116.0,0.0,0.0,3338.54,,,,14103.45,0.76,215313504
BRA,South America,Brazil,2024-07-03,37511921.0,0.0,0.0,702116.0,0.0,0.0,3338.54,,,,14103.45,0.76,215313504
BRA,South America,Brazil,2024-07-04,37511921.0,0.0,0.0,702116.0,0.0,0.0,3338.54,,,,14103.45,0.76,215313504
BRA,South America,Brazil,2024-07-05,37511921.0,0.0,0.0,702116.0,0.0,0.0,3338.54,,,,14103.45,0.76,215313504
BRA,South America,Brazil,2024-07-06,37511921.0,0.0,0.0,702116.0,0.0,0.0,3338.54,,,,14103.45,0.76,215313504
BRA,South America,Brazil,2024-07-07,37511921.0,0.0,0.0,702116.0,0.0,0.0,3338.54,,,,14103.45,0.76,215313504
BRA,South America,Brazil,2024-07-08,37511921.0,0.0,0.0,702116.0,0.0,0.0,3338.54,,,,14103.45,0.76,215313504
BRA,South America,Brazil,2024-07-09,37511921.0,0.0,0.0,702116.0,0.0,0.0,3338.54,,,,14103.45,0.76,215313504
BRA,South America,Brazil,2024-07-10,37511921.0,0.0,0.0,702116.0,0.0,0.0,3338.54,,,,14103.45,0.76,215313504
BRA,South America,Brazil,2024-07-11,37511921.0,0.0,0.0,702116.0,0.0,0.0,3338.54,,,,14103.45,0.76,215313504
BRA,South America,Brazil,2024-07-12,37511921.0,0.0,0.0,702116.0,0.0,0.0,3338.54,,,,14103.45,0.76,215313504
BRA,South America,Brazil,2024-07-13,37511921.0,0.0,0.0,702116.0,0.0,0.0,3338.54,,,,14103.45,0.76,215313504
BRA,South America,Brazil,2024-07-14,37511921.0,0.0,0.0,702116.0,0.0,0.0,3338.54,,,,14103.45,0.76,215313504
BRA,South America,Brazil,2024-07-15,37511921.0,0.0,0.0,702116.0,0.0,0.0,3338.54,,,,14103.45,0.76,215313504
BRA,South America,Brazil,2024-07-16,37511921.0,0.0,0.0,702116.0,0.0,0.0,3338.54,,,,14103.45,0.76,215313504
BRA,South America,Brazil,2024-07-17,37511921.0,0.0,0.0,702116.0,0.0,0.0,3338.54,,,,14103.45,0.76,215313504
BRA,South America,Brazil,2024-07-18,37511921.0,0.0,0.0,702116.0,0.0,0.0,3338.54,,,,14103.45,0.76,215313504
BRA,South America,Brazil,2024-07-19,37511921.0,0.0,0.0,702116.0,0.0,0.0,3338.54,,,,14103.45,0.76,215313504
BRA,South America,Brazil,2024-07-20,37511921.0,0.0,0.0,702116.0,0.0,0.0,3338.54,,,,14103.45,0.76,215313504
BRA,South America,Brazil,2024-07-21,37511921.0,0.0,0.0,702116.0,0.0,0.0,3338.54,,,,14103.45,0.76,215313504
BRA,South America,Brazil,2024-07-22,37511921.0,0.0,0.0,702116.0,0.0,0.0,3338.54,,,,14103.45,0.76,215313504
BRA,South America,Brazil,2024-07-23,37511921.0,0.0,0.0,702116.0,0.0,0.0,3338.54,,,,14103.45,0.76,215313504
BRA,South America,Brazil,2024-07-24,37511921.0,0.0,0.0,702116.0,0.0,0.0,3338.54,,,,14103.45,0.76,215313504
BRA,South America,Brazil,2024-07-25,37511921.0,0.0,0.0,702116.0,0.0,0.0,3338.54,,,,14103.45,0.76,215313504
BRA,South America,Brazil,2024-07-26,37511921.0,0.0,0.0,702116.0,0.0,0.0,3338.54,,,,14103.45,0.76,215313504
BRA,South America,Brazil,2024-07-27,37511921.0,0.0,0.0,702116.0,0.0,0.0,3338.54,,,,14103.45,0.76,215313504
BRA,South America,Brazil,2024-07-28,37511921.0,0.0,0.0,702116.0,0.0,0.0,3338.54,,,,14103.45,0.76,215313504
BRA,South America,Brazil,2024-07-29,37511921.0,0.0,0.0,702116.0,0.0,0.0,3338.54,,,,14103.45,0.76,215313504
BRA,South America,Brazil,2024-07-30,37511921.0,0.0,0.0,702116.0,0.0,0.0,3338.54,,,,14103.45,0.76,215313504
BRA,South America,Brazil,2024-07-31,37511921.0,0.0,0.0,702116.0,0.0,0.0,3338.54,,,,14103.45,0.76,215313504
BRA,South America,Brazil,2024-08-01,37511921.0,0.0,0.0,702116.0,0.0,0.0,3338.54,,,,14103.45,0.76,215313504
BRA,South America,Brazil,2024-08-02,37511921.0,0.0,0.0,702116.0,0.0,0.0,3338.54,,,,14103.45,0.76,215313504
BRA,South America,Brazil,2024-08-03,37511921.0,0.0,0.0,702116.0,0.0,0.0,3338.54,,,,14103.45,0.76,215313504
BRA,South America,Brazil,2024-08-04,37511921.0,0.0,0.0,702116.0,0.0,0.0,3338.54,,,,14103.45,0.76,215313504
